registro;acta;semana;capitulo;competencia;abs_inicial;abs_final;civ;item;descripcion;und;longitud;ancho;espesor;cantidad;valor_unitario;costo_directo;calzada;tramo_inicio;tramo_final;pk_id;tramo;observaciones;contrato_id
51028;71;270;8.CODENSA REDES SECAS;IDU;1570;1614;1000717;NP-122;CAJA DE INSPECCIÓN DOBLE PARA CANALIZACIÓN NORMA CODENSA CS 276 ACTUALIZADA A LA NORMA CODENSA 2018  (Anden. Incluye Base, Muros, Pañete, Marco y Tapas).;UN;2;0;0;2;1961938;3923876;ORIENTAL;cl 185 b;cl 186;92086822;TRAMO 2;"Ajuste y cierre de cantidades para el item de cobro NP-122 CAJA DE INSPECCIÓN DOBLE PARA CANALIZACIÓN NORMA CODENSA CS 276 ACTUALIZADA A LA NORMA CODENSA 2018  (Anden. Incluye Base Muros Pañete Marco y Tapas).. Balance de cantidades en donde se descuentan las cantidades cobradas a la fecha y se recobran de acuerdo a este reporte. Cantidades reportadas y validadas de acuerdo a información enviada a Interventoría
";2
51027;71;270;8.CODENSA REDES SECAS;IDU;1850;1856;1007358;NP-122;CAJA DE INSPECCIÓN DOBLE PARA CANALIZACIÓN NORMA CODENSA CS 276 ACTUALIZADA A LA NORMA CODENSA 2018  (Anden. Incluye Base, Muros, Pañete, Marco y Tapas).;UN;1;0;0;1;1961938;1961938;ORIENTAL;cl 188 bis;cl 189;92086815;TRAMO 2;"Ajuste y cierre de cantidades para el item de cobro NP-122 CAJA DE INSPECCIÓN DOBLE PARA CANALIZACIÓN NORMA CODENSA CS 276 ACTUALIZADA A LA NORMA CODENSA 2018  (Anden. Incluye Base Muros Pañete Marco y Tapas).. Balance de cantidades en donde se descuentan las cantidades cobradas a la fecha y se recobran de acuerdo a este reporte. Cantidades reportadas y validadas de acuerdo a información enviada a Interventoría
";2
51026;71;270;8.CODENSA REDES SECAS;IDU;1949;1993.37;1006819;8.22.;CAJA DE INSPECCIÓN PARA ALUMBRADO PÚBLICO NORMA CODENSA CS 274  (Anden. Incluye Base, Muros, Pañete, Marco y Tapa). Medidas Externas: 0.90 x 0.90m. Medidas Internas: 0.60 x 0.60m. Altura: 0.93m.;UN;-1;0;0;-1;393359;-393359;ORIENTAL;cl 189;cl 191;92053080;TRAMO 2;Ajuste y cierre de cantidades para el item de cobro 8.22.CAJA DE INSPECCIÓN PARA ALUMBRADO PÚBLICO NORMA CODENSA CS 274  (Anden. Incluye Base Muros Pañete Marco y Tapa). Medidas Externas: 0.90 x 0.90m. Medidas Internas: 0.60 x 0.60m. Altura: 0.93m.. Balance de cantidades en donde se descuentan las cantidades cobradas a la fecha y se recobran de acuerdo a este reporte. Cantidades reportadas y validadas de acuerdo a información enviada a Interventoría;2
51025;71;270;8.CODENSA REDES SECAS;IDU;1510.83;1530;1000763;8.22.;CAJA DE INSPECCIÓN PARA ALUMBRADO PÚBLICO NORMA CODENSA CS 274  (Anden. Incluye Base, Muros, Pañete, Marco y Tapa). Medidas Externas: 0.90 x 0.90m. Medidas Internas: 0.60 x 0.60m. Altura: 0.93m.;UN;-1;0;0;-1;393359;-393359;OCCIDENTAL;cl 183;cl 185 b;92086826;TRAMO 2;Ajuste y cierre de cantidades para el item de cobro 8.22.CAJA DE INSPECCIÓN PARA ALUMBRADO PÚBLICO NORMA CODENSA CS 274  (Anden. Incluye Base Muros Pañete Marco y Tapa). Medidas Externas: 0.90 x 0.90m. Medidas Internas: 0.60 x 0.60m. Altura: 0.93m.. Balance de cantidades en donde se descuentan las cantidades cobradas a la fecha y se recobran de acuerdo a este reporte. Cantidades reportadas y validadas de acuerdo a información enviada a Interventoría;2
51024;71;270;8.CODENSA REDES SECAS;IDU;1567.28;1615.41;1000717;8.22.;CAJA DE INSPECCIÓN PARA ALUMBRADO PÚBLICO NORMA CODENSA CS 274  (Anden. Incluye Base, Muros, Pañete, Marco y Tapa). Medidas Externas: 0.90 x 0.90m. Medidas Internas: 0.60 x 0.60m. Altura: 0.93m.;UN;-2.1;0;0;-2.1;393359;-826054;OCCIDENTAL;cl 185 b;cl 186;525259;TRAMO 2;Ajuste y cierre de cantidades para el item de cobro 8.22.CAJA DE INSPECCIÓN PARA ALUMBRADO PÚBLICO NORMA CODENSA CS 274  (Anden. Incluye Base Muros Pañete Marco y Tapa). Medidas Externas: 0.90 x 0.90m. Medidas Internas: 0.60 x 0.60m. Altura: 0.93m.. Balance de cantidades en donde se descuentan las cantidades cobradas a la fecha y se recobran de acuerdo a este reporte. Cantidades reportadas y validadas de acuerdo a información enviada a Interventoría;2
51023;71;270;8.CODENSA REDES SECAS;IDU;1994.02;2169.2;1000259;8.22.;CAJA DE INSPECCIÓN PARA ALUMBRADO PÚBLICO NORMA CODENSA CS 274  (Anden. Incluye Base, Muros, Pañete, Marco y Tapa). Medidas Externas: 0.90 x 0.90m. Medidas Internas: 0.60 x 0.60m. Altura: 0.93m.;UN;-0.7;0;0;-0.7;393359;-275351;ORIENTAL;cl 189;cl 191;525253;TRAMO 2;Ajuste y cierre de cantidades para el item de cobro 8.22.CAJA DE INSPECCIÓN PARA ALUMBRADO PÚBLICO NORMA CODENSA CS 274  (Anden. Incluye Base Muros Pañete Marco y Tapa). Medidas Externas: 0.90 x 0.90m. Medidas Internas: 0.60 x 0.60m. Altura: 0.93m.. Balance de cantidades en donde se descuentan las cantidades cobradas a la fecha y se recobran de acuerdo a este reporte. Cantidades reportadas y validadas de acuerdo a información enviada a Interventoría;2
51022;71;270;8.CODENSA REDES SECAS;IDU;1216.63;1312.95;1006372;8.22.;CAJA DE INSPECCIÓN PARA ALUMBRADO PÚBLICO NORMA CODENSA CS 274  (Anden. Incluye Base, Muros, Pañete, Marco y Tapa). Medidas Externas: 0.90 x 0.90m. Medidas Internas: 0.60 x 0.60m. Altura: 0.93m.;UN;-0.7;0;0;-0.7;393359;-275351;ORIENTAL;cl 182 a;cl 183;606394;TRAMO 1;Ajuste y cierre de cantidades para el item de cobro 8.22.CAJA DE INSPECCIÓN PARA ALUMBRADO PÚBLICO NORMA CODENSA CS 274  (Anden. Incluye Base Muros Pañete Marco y Tapa). Medidas Externas: 0.90 x 0.90m. Medidas Internas: 0.60 x 0.60m. Altura: 0.93m.. Balance de cantidades en donde se descuentan las cantidades cobradas a la fecha y se recobran de acuerdo a este reporte. Cantidades reportadas y validadas de acuerdo a información enviada a Interventoría;2
51021;71;270;8.CODENSA REDES SECAS;IDU;962.04;1114.97;1001082;8.22.;CAJA DE INSPECCIÓN PARA ALUMBRADO PÚBLICO NORMA CODENSA CS 274  (Anden. Incluye Base, Muros, Pañete, Marco y Tapa). Medidas Externas: 0.90 x 0.90m. Medidas Internas: 0.60 x 0.60m. Altura: 0.93m.;UN;-1;0;0;-1;393359;-393359;OCCIDENTAL;cl 181;cl 181 c;91062406;TRAMO 1;Ajuste y cierre de cantidades para el item de cobro 8.22.CAJA DE INSPECCIÓN PARA ALUMBRADO PÚBLICO NORMA CODENSA CS 274  (Anden. Incluye Base Muros Pañete Marco y Tapa). Medidas Externas: 0.90 x 0.90m. Medidas Internas: 0.60 x 0.60m. Altura: 0.93m.. Balance de cantidades en donde se descuentan las cantidades cobradas a la fecha y se recobran de acuerdo a este reporte. Cantidades reportadas y validadas de acuerdo a información enviada a Interventoría;2
51020;71;270;8.CODENSA REDES SECAS;IDU;648.99;894.93;1001300;8.22.;CAJA DE INSPECCIÓN PARA ALUMBRADO PÚBLICO NORMA CODENSA CS 274  (Anden. Incluye Base, Muros, Pañete, Marco y Tapa). Medidas Externas: 0.90 x 0.90m. Medidas Internas: 0.60 x 0.60m. Altura: 0.93m.;UN;-2;0;0;-2;393359;-786718;OCCIDENTAL;cl 173;cl 180;91062408;TRAMO 1;Ajuste y cierre de cantidades para el item de cobro 8.22.CAJA DE INSPECCIÓN PARA ALUMBRADO PÚBLICO NORMA CODENSA CS 274  (Anden. Incluye Base Muros Pañete Marco y Tapa). Medidas Externas: 0.90 x 0.90m. Medidas Internas: 0.60 x 0.60m. Altura: 0.93m.. Balance de cantidades en donde se descuentan las cantidades cobradas a la fecha y se recobran de acuerdo a este reporte. Cantidades reportadas y validadas de acuerdo a información enviada a Interventoría;2
51019;71;270;8.CODENSA REDES SECAS;IDU;224.4;513.4;1001348;8.22.;CAJA DE INSPECCIÓN PARA ALUMBRADO PÚBLICO NORMA CODENSA CS 274  (Anden. Incluye Base, Muros, Pañete, Marco y Tapa). Medidas Externas: 0.90 x 0.90m. Medidas Internas: 0.60 x 0.60m. Altura: 0.93m.;UN;-10;0;0;-10;393359;-3933590;OCCIDENTAL;cl 172;cl 173;503554;TRAMO 1;Ajuste y cierre de cantidades para el item de cobro 8.22.CAJA DE INSPECCIÓN PARA ALUMBRADO PÚBLICO NORMA CODENSA CS 274  (Anden. Incluye Base Muros Pañete Marco y Tapa). Medidas Externas: 0.90 x 0.90m. Medidas Internas: 0.60 x 0.60m. Altura: 0.93m.. Balance de cantidades en donde se descuentan las cantidades cobradas a la fecha y se recobran de acuerdo a este reporte. Cantidades reportadas y validadas de acuerdo a información enviada a Interventoría;2
51018;71;270;8.CODENSA REDES SECAS;IDU;1214.58;1310.9;1006372;8.22.;CAJA DE INSPECCIÓN PARA ALUMBRADO PÚBLICO NORMA CODENSA CS 274  (Anden. Incluye Base, Muros, Pañete, Marco y Tapa). Medidas Externas: 0.90 x 0.90m. Medidas Internas: 0.60 x 0.60m. Altura: 0.93m.;UN;-2;0;0;-2;393359;-786718;OCCIDENTAL;cl 182 a;cl 183;91062407;TRAMO 1;Ajuste y cierre de cantidades para el item de cobro 8.22.CAJA DE INSPECCIÓN PARA ALUMBRADO PÚBLICO NORMA CODENSA CS 274  (Anden. Incluye Base Muros Pañete Marco y Tapa). Medidas Externas: 0.90 x 0.90m. Medidas Internas: 0.60 x 0.60m. Altura: 0.93m.. Balance de cantidades en donde se descuentan las cantidades cobradas a la fecha y se recobran de acuerdo a este reporte. Cantidades reportadas y validadas de acuerdo a información enviada a Interventoría;2
51016;71;270;8.CODENSA REDES SECAS;IDU;1.23;224.4;1001382;8.22.;CAJA DE INSPECCIÓN PARA ALUMBRADO PÚBLICO NORMA CODENSA CS 274  (Anden. Incluye Base, Muros, Pañete, Marco y Tapa). Medidas Externas: 0.90 x 0.90m. Medidas Internas: 0.60 x 0.60m. Altura: 0.93m.;UN;-4;0;0;-4;393359;-1573436;OCCIDENTAL;cl 170;cl 172;503549;TRAMO 1;Ajuste y cierre de cantidades para el item de cobro 8.22.CAJA DE INSPECCIÓN PARA ALUMBRADO PÚBLICO NORMA CODENSA CS 274  (Anden. Incluye Base Muros Pañete Marco y Tapa). Medidas Externas: 0.90 x 0.90m. Medidas Internas: 0.60 x 0.60m. Altura: 0.93m.. Balance de cantidades en donde se descuentan las cantidades cobradas a la fecha y se recobran de acuerdo a este reporte. Cantidades reportadas y validadas de acuerdo a información enviada a Interventoría;2
51015;71;270;8.CODENSA REDES SECAS;IDU;1153.52;1214.58;1001035;8.22.;CAJA DE INSPECCIÓN PARA ALUMBRADO PÚBLICO NORMA CODENSA CS 274  (Anden. Incluye Base, Muros, Pañete, Marco y Tapa). Medidas Externas: 0.90 x 0.90m. Medidas Internas: 0.60 x 0.60m. Altura: 0.93m.;UN;-1.45;0;0;-1.45;393359;-570371;OCCIDENTAL;cl 182;cl 182 a;91062414;TRAMO 1;Ajuste y cierre de cantidades para el item de cobro 8.22.CAJA DE INSPECCIÓN PARA ALUMBRADO PÚBLICO NORMA CODENSA CS 274  (Anden. Incluye Base Muros Pañete Marco y Tapa). Medidas Externas: 0.90 x 0.90m. Medidas Internas: 0.60 x 0.60m. Altura: 0.93m.. Balance de cantidades en donde se descuentan las cantidades cobradas a la fecha y se recobran de acuerdo a este reporte. Cantidades reportadas y validadas de acuerdo a información enviada a Interventoría;2
51014;71;270;8.CODENSA REDES SECAS;IDU;1114.97;1153.52;1001082;8.22.;CAJA DE INSPECCIÓN PARA ALUMBRADO PÚBLICO NORMA CODENSA CS 274  (Anden. Incluye Base, Muros, Pañete, Marco y Tapa). Medidas Externas: 0.90 x 0.90m. Medidas Internas: 0.60 x 0.60m. Altura: 0.93m.;UN;-0.55;0;0;-0.55;393359;-216347;OCCIDENTAL;cl 181 c;cl 182;91062403;TRAMO 1;Ajuste y cierre de cantidades para el item de cobro 8.22.CAJA DE INSPECCIÓN PARA ALUMBRADO PÚBLICO NORMA CODENSA CS 274  (Anden. Incluye Base Muros Pañete Marco y Tapa). Medidas Externas: 0.90 x 0.90m. Medidas Internas: 0.60 x 0.60m. Altura: 0.93m.. Balance de cantidades en donde se descuentan las cantidades cobradas a la fecha y se recobran de acuerdo a este reporte. Cantidades reportadas y validadas de acuerdo a información enviada a Interventoría;2
51013;71;270;8.CODENSA REDES SECAS;IDU;1860.77;1946.13;1000396;8.22.;CAJA DE INSPECCIÓN PARA ALUMBRADO PÚBLICO NORMA CODENSA CS 274  (Anden. Incluye Base, Muros, Pañete, Marco y Tapa). Medidas Externas: 0.90 x 0.90m. Medidas Internas: 0.60 x 0.60m. Altura: 0.93m.;UN;-1.5;0;0;-1.5;393359;-590038;OCCIDENTAL;cl 188 bis;cl 189;92086818;TRAMO 2;Ajuste y cierre de cantidades para el item de cobro 8.22.CAJA DE INSPECCIÓN PARA ALUMBRADO PÚBLICO NORMA CODENSA CS 274  (Anden. Incluye Base Muros Pañete Marco y Tapa). Medidas Externas: 0.90 x 0.90m. Medidas Internas: 0.60 x 0.60m. Altura: 0.93m.. Balance de cantidades en donde se descuentan las cantidades cobradas a la fecha y se recobran de acuerdo a este reporte. Cantidades reportadas y validadas de acuerdo a información enviada a Interventoría;2
51012;71;270;8.CODENSA REDES SECAS;IDU;1214.58;1282;1006372;8.22.;CAJA DE INSPECCIÓN PARA ALUMBRADO PÚBLICO NORMA CODENSA CS 274  (Anden. Incluye Base, Muros, Pañete, Marco y Tapa). Medidas Externas: 0.90 x 0.90m. Medidas Internas: 0.60 x 0.60m. Altura: 0.93m.;UN;2;0;0;2;393359;786718;OCCIDENTAL;cl 182 a;cl 183;92086807;TRAMO 1;Ajuste y cierre de cantidades para el item de cobro 8.22.CAJA DE INSPECCIÓN PARA ALUMBRADO PÚBLICO NORMA CODENSA CS 274  (Anden. Incluye Base Muros Pañete Marco y Tapa). Medidas Externas: 0.90 x 0.90m. Medidas Internas: 0.60 x 0.60m. Altura: 0.93m.. Balance de cantidades en donde se descuentan las cantidades cobradas a la fecha y se recobran de acuerdo a este reporte. Cantidades reportadas y validadas de acuerdo a información enviada a Interventoría;2
51011;71;270;8.CODENSA REDES SECAS;IDU;1153.52;1214.58;1001035;8.22.;CAJA DE INSPECCIÓN PARA ALUMBRADO PÚBLICO NORMA CODENSA CS 274  (Anden. Incluye Base, Muros, Pañete, Marco y Tapa). Medidas Externas: 0.90 x 0.90m. Medidas Internas: 0.60 x 0.60m. Altura: 0.93m.;UN;2;0;0;2;393359;786718;OCCIDENTAL;cl 182;cl 182 a;92086835;TRAMO 1;Ajuste y cierre de cantidades para el item de cobro 8.22.CAJA DE INSPECCIÓN PARA ALUMBRADO PÚBLICO NORMA CODENSA CS 274  (Anden. Incluye Base Muros Pañete Marco y Tapa). Medidas Externas: 0.90 x 0.90m. Medidas Internas: 0.60 x 0.60m. Altura: 0.93m.. Balance de cantidades en donde se descuentan las cantidades cobradas a la fecha y se recobran de acuerdo a este reporte. Cantidades reportadas y validadas de acuerdo a información enviada a Interventoría;2
51010;71;270;8.CODENSA REDES SECAS;IDU;236.4;513.4;1001348;8.22.;CAJA DE INSPECCIÓN PARA ALUMBRADO PÚBLICO NORMA CODENSA CS 274  (Anden. Incluye Base, Muros, Pañete, Marco y Tapa). Medidas Externas: 0.90 x 0.90m. Medidas Internas: 0.60 x 0.60m. Altura: 0.93m.;UN;7;0;0;7;393359;2753513;OCCIDENTAL;cl 172;cl 173;92086810;TRAMO 1;Ajuste y cierre de cantidades para el item de cobro 8.22.CAJA DE INSPECCIÓN PARA ALUMBRADO PÚBLICO NORMA CODENSA CS 274  (Anden. Incluye Base Muros Pañete Marco y Tapa). Medidas Externas: 0.90 x 0.90m. Medidas Internas: 0.60 x 0.60m. Altura: 0.93m.. Balance de cantidades en donde se descuentan las cantidades cobradas a la fecha y se recobran de acuerdo a este reporte. Cantidades reportadas y validadas de acuerdo a información enviada a Interventoría;2
51009;71;270;8.CODENSA REDES SECAS;IDU;2336.36;2386;1000041;8.22.;CAJA DE INSPECCIÓN PARA ALUMBRADO PÚBLICO NORMA CODENSA CS 274  (Anden. Incluye Base, Muros, Pañete, Marco y Tapa). Medidas Externas: 0.90 x 0.90m. Medidas Internas: 0.60 x 0.60m. Altura: 0.93m.;UN;1;0;0;1;393359;393359;ORIENTAL;cl 192;cl 193;525251;TRAMO 2;Ajuste y cierre de cantidades para el item de cobro 8.22.CAJA DE INSPECCIÓN PARA ALUMBRADO PÚBLICO NORMA CODENSA CS 274  (Anden. Incluye Base Muros Pañete Marco y Tapa). Medidas Externas: 0.90 x 0.90m. Medidas Internas: 0.60 x 0.60m. Altura: 0.93m.. Balance de cantidades en donde se descuentan las cantidades cobradas a la fecha y se recobran de acuerdo a este reporte. Cantidades reportadas y validadas de acuerdo a información enviada a Interventoría;2
51008;71;270;8.CODENSA REDES SECAS;IDU;896.02;936.02;1001222;8.22.;CAJA DE INSPECCIÓN PARA ALUMBRADO PÚBLICO NORMA CODENSA CS 274  (Anden. Incluye Base, Muros, Pañete, Marco y Tapa). Medidas Externas: 0.90 x 0.90m. Medidas Internas: 0.60 x 0.60m. Altura: 0.93m.;UN;1;0;0;1;393359;393359;OCCIDENTAL;cl 180;cl 181;92086832;TRAMO 1;Ajuste y cierre de cantidades para el item de cobro 8.22.CAJA DE INSPECCIÓN PARA ALUMBRADO PÚBLICO NORMA CODENSA CS 274  (Anden. Incluye Base Muros Pañete Marco y Tapa). Medidas Externas: 0.90 x 0.90m. Medidas Internas: 0.60 x 0.60m. Altura: 0.93m.. Balance de cantidades en donde se descuentan las cantidades cobradas a la fecha y se recobran de acuerdo a este reporte. Cantidades reportadas y validadas de acuerdo a información enviada a Interventoría;2
51007;71;270;8.CODENSA REDES SECAS;IDU;2168.51;2336.36;1000131;8.22.;CAJA DE INSPECCIÓN PARA ALUMBRADO PÚBLICO NORMA CODENSA CS 274  (Anden. Incluye Base, Muros, Pañete, Marco y Tapa). Medidas Externas: 0.90 x 0.90m. Medidas Internas: 0.60 x 0.60m. Altura: 0.93m.;UN;3;0;0;3;393359;1180077;ORIENTAL;cl 191;cl 192;525263;TRAMO 2;Ajuste y cierre de cantidades para el item de cobro 8.22.CAJA DE INSPECCIÓN PARA ALUMBRADO PÚBLICO NORMA CODENSA CS 274  (Anden. Incluye Base Muros Pañete Marco y Tapa). Medidas Externas: 0.90 x 0.90m. Medidas Internas: 0.60 x 0.60m. Altura: 0.93m.. Balance de cantidades en donde se descuentan las cantidades cobradas a la fecha y se recobran de acuerdo a este reporte. Cantidades reportadas y validadas de acuerdo a información enviada a Interventoría;2
51006;71;270;8.CODENSA REDES SECAS;IDU;1993.37;2148.5;1000259;8.22.;CAJA DE INSPECCIÓN PARA ALUMBRADO PÚBLICO NORMA CODENSA CS 274  (Anden. Incluye Base, Muros, Pañete, Marco y Tapa). Medidas Externas: 0.90 x 0.90m. Medidas Internas: 0.60 x 0.60m. Altura: 0.93m.;UN;2;0;0;2;393359;786718;ORIENTAL;cl 189;cl 191;525254;TRAMO 2;Ajuste y cierre de cantidades para el item de cobro 8.22.CAJA DE INSPECCIÓN PARA ALUMBRADO PÚBLICO NORMA CODENSA CS 274  (Anden. Incluye Base Muros Pañete Marco y Tapa). Medidas Externas: 0.90 x 0.90m. Medidas Internas: 0.60 x 0.60m. Altura: 0.93m.. Balance de cantidades en donde se descuentan las cantidades cobradas a la fecha y se recobran de acuerdo a este reporte. Cantidades reportadas y validadas de acuerdo a información enviada a Interventoría;2
51005;71;270;8.CODENSA REDES SECAS;IDU;2165.03;2332.88;1000131;8.22.;CAJA DE INSPECCIÓN PARA ALUMBRADO PÚBLICO NORMA CODENSA CS 274  (Anden. Incluye Base, Muros, Pañete, Marco y Tapa). Medidas Externas: 0.90 x 0.90m. Medidas Internas: 0.60 x 0.60m. Altura: 0.93m.;UN;1;0;0;1;393359;393359;OCCIDENTAL;cl 191;cl 192;92086812;TRAMO 2;Ajuste y cierre de cantidades para el item de cobro 8.22.CAJA DE INSPECCIÓN PARA ALUMBRADO PÚBLICO NORMA CODENSA CS 274  (Anden. Incluye Base Muros Pañete Marco y Tapa). Medidas Externas: 0.90 x 0.90m. Medidas Internas: 0.60 x 0.60m. Altura: 0.93m.. Balance de cantidades en donde se descuentan las cantidades cobradas a la fecha y se recobran de acuerdo a este reporte. Cantidades reportadas y validadas de acuerdo a información enviada a Interventoría;2
51004;71;270;8.CODENSA REDES SECAS;IDU;1990.11;2165.03;1000259;8.22.;CAJA DE INSPECCIÓN PARA ALUMBRADO PÚBLICO NORMA CODENSA CS 274  (Anden. Incluye Base, Muros, Pañete, Marco y Tapa). Medidas Externas: 0.90 x 0.90m. Medidas Internas: 0.60 x 0.60m. Altura: 0.93m.;UN;1;0;0;1;393359;393359;OCCIDENTAL;cl 189;cl 191;92086805;TRAMO 2;Ajuste y cierre de cantidades para el item de cobro 8.22.CAJA DE INSPECCIÓN PARA ALUMBRADO PÚBLICO NORMA CODENSA CS 274  (Anden. Incluye Base Muros Pañete Marco y Tapa). Medidas Externas: 0.90 x 0.90m. Medidas Internas: 0.60 x 0.60m. Altura: 0.93m.. Balance de cantidades en donde se descuentan las cantidades cobradas a la fecha y se recobran de acuerdo a este reporte. Cantidades reportadas y validadas de acuerdo a información enviada a Interventoría;2
51003;71;270;8.CODENSA REDES SECAS;IDU;1946.13;1990.11;1006819;8.22.;CAJA DE INSPECCIÓN PARA ALUMBRADO PÚBLICO NORMA CODENSA CS 274  (Anden. Incluye Base, Muros, Pañete, Marco y Tapa). Medidas Externas: 0.90 x 0.90m. Medidas Internas: 0.60 x 0.60m. Altura: 0.93m.;UN;1.5;0;0;1.5;393359;590039;OCCIDENTAL;cl 189;cl 191;92086834;TRAMO 2;Ajuste y cierre de cantidades para el item de cobro 8.22.CAJA DE INSPECCIÓN PARA ALUMBRADO PÚBLICO NORMA CODENSA CS 274  (Anden. Incluye Base Muros Pañete Marco y Tapa). Medidas Externas: 0.90 x 0.90m. Medidas Internas: 0.60 x 0.60m. Altura: 0.93m.. Balance de cantidades en donde se descuentan las cantidades cobradas a la fecha y se recobran de acuerdo a este reporte. Cantidades reportadas y validadas de acuerdo a información enviada a Interventoría;2
51002;71;270;8.CODENSA REDES SECAS;IDU;1615.41;1720.15;1008278;8.22.;CAJA DE INSPECCIÓN PARA ALUMBRADO PÚBLICO NORMA CODENSA CS 274  (Anden. Incluye Base, Muros, Pañete, Marco y Tapa). Medidas Externas: 0.90 x 0.90m. Medidas Internas: 0.60 x 0.60m. Altura: 0.93m.;UN;2;0;0;2;393359;786718;OCCIDENTAL;cl 186;cl 187;92086806;TRAMO 2;Ajuste y cierre de cantidades para el item de cobro 8.22.CAJA DE INSPECCIÓN PARA ALUMBRADO PÚBLICO NORMA CODENSA CS 274  (Anden. Incluye Base Muros Pañete Marco y Tapa). Medidas Externas: 0.90 x 0.90m. Medidas Internas: 0.60 x 0.60m. Altura: 0.93m.. Balance de cantidades en donde se descuentan las cantidades cobradas a la fecha y se recobran de acuerdo a este reporte. Cantidades reportadas y validadas de acuerdo a información enviada a Interventoría;2
51001;71;270;8.CODENSA REDES SECAS;IDU;1567.28;1615.41;1000717;8.22.;CAJA DE INSPECCIÓN PARA ALUMBRADO PÚBLICO NORMA CODENSA CS 274  (Anden. Incluye Base, Muros, Pañete, Marco y Tapa). Medidas Externas: 0.90 x 0.90m. Medidas Internas: 0.60 x 0.60m. Altura: 0.93m.;UN;1;0;0;1;393359;393359;OCCIDENTAL;cl 185 b;cl 186;92086820;TRAMO 2;Ajuste y cierre de cantidades para el item de cobro 8.22.CAJA DE INSPECCIÓN PARA ALUMBRADO PÚBLICO NORMA CODENSA CS 274  (Anden. Incluye Base Muros Pañete Marco y Tapa). Medidas Externas: 0.90 x 0.90m. Medidas Internas: 0.60 x 0.60m. Altura: 0.93m.. Balance de cantidades en donde se descuentan las cantidades cobradas a la fecha y se recobran de acuerdo a este reporte. Cantidades reportadas y validadas de acuerdo a información enviada a Interventoría;2
51000;71;270;8.CODENSA REDES SECAS;IDU;1497.88;1510.83;1006360;8.22.;CAJA DE INSPECCIÓN PARA ALUMBRADO PÚBLICO NORMA CODENSA CS 274  (Anden. Incluye Base, Muros, Pañete, Marco y Tapa). Medidas Externas: 0.90 x 0.90m. Medidas Internas: 0.60 x 0.60m. Altura: 0.93m.;UN;1;0;0;1;393359;393359;OCCIDENTAL;cl 183;cl 185 b;92086827;TRAMO 2;Ajuste y cierre de cantidades para el item de cobro 8.22.CAJA DE INSPECCIÓN PARA ALUMBRADO PÚBLICO NORMA CODENSA CS 274  (Anden. Incluye Base Muros Pañete Marco y Tapa). Medidas Externas: 0.90 x 0.90m. Medidas Internas: 0.60 x 0.60m. Altura: 0.93m.. Balance de cantidades en donde se descuentan las cantidades cobradas a la fecha y se recobran de acuerdo a este reporte. Cantidades reportadas y validadas de acuerdo a información enviada a Interventoría;2
50999;71;270;8.CODENSA REDES SECAS;IDU;1744.99;1816.33;1000490;8.22.;CAJA DE INSPECCIÓN PARA ALUMBRADO PÚBLICO NORMA CODENSA CS 274  (Anden. Incluye Base, Muros, Pañete, Marco y Tapa). Medidas Externas: 0.90 x 0.90m. Medidas Internas: 0.60 x 0.60m. Altura: 0.93m.;UN;2;0;0;2;393359;786718;OCCIDENTAL;cl 187 a;cl 188;525285;TRAMO 2;Ajuste y cierre de cantidades para el item de cobro 8.22.CAJA DE INSPECCIÓN PARA ALUMBRADO PÚBLICO NORMA CODENSA CS 274  (Anden. Incluye Base Muros Pañete Marco y Tapa). Medidas Externas: 0.90 x 0.90m. Medidas Internas: 0.60 x 0.60m. Altura: 0.93m.. Balance de cantidades en donde se descuentan las cantidades cobradas a la fecha y se recobran de acuerdo a este reporte. Cantidades reportadas y validadas de acuerdo a información enviada a Interventoría;2
50998;71;270;8.CODENSA REDES SECAS;IDU;1401.08;1472.89;1000938;8.22.;CAJA DE INSPECCIÓN PARA ALUMBRADO PÚBLICO NORMA CODENSA CS 274  (Anden. Incluye Base, Muros, Pañete, Marco y Tapa). Medidas Externas: 0.90 x 0.90m. Medidas Internas: 0.60 x 0.60m. Altura: 0.93m.;UN;0.3;0;0;0.3;393359;118008;OCCIDENTAL;cl 183;cl 185 b;92086828;TRAMO 2;Ajuste y cierre de cantidades para el item de cobro 8.22.CAJA DE INSPECCIÓN PARA ALUMBRADO PÚBLICO NORMA CODENSA CS 274  (Anden. Incluye Base Muros Pañete Marco y Tapa). Medidas Externas: 0.90 x 0.90m. Medidas Internas: 0.60 x 0.60m. Altura: 0.93m.. Balance de cantidades en donde se descuentan las cantidades cobradas a la fecha y se recobran de acuerdo a este reporte. Cantidades reportadas y validadas de acuerdo a información enviada a Interventoría;2
50997;71;270;8.CODENSA REDES SECAS;IDU;1349.66;1401.08;1007124;8.22.;CAJA DE INSPECCIÓN PARA ALUMBRADO PÚBLICO NORMA CODENSA CS 274  (Anden. Incluye Base, Muros, Pañete, Marco y Tapa). Medidas Externas: 0.90 x 0.90m. Medidas Internas: 0.60 x 0.60m. Altura: 0.93m.;UN;1.3;0;0;1.3;393359;511367;OCCIDENTAL;cl 183;cl 185 b;92086838;TRAMO 2;"Ajuste y cierre de cantidades para el item de cobro 8.22.CAJA DE INSPECCIÓN PARA ALUMBRADO PÚBLICO NORMA CODENSA CS 274  (Anden. Incluye Base Muros Pañete Marco y Tapa). Medidas Externas: 0.90 x 0.90m. Medidas Internas: 0.60 x 0.60m. Altura: 0.93m.. Balance de cantidades en donde se descuentan las cantidades cobradas a la fecha y se recobran de acuerdo a este reporte. Cantidades reportadas y validadas de acuerdo a información enviada a Interventoría
";2
50996;71;270;8.CODENSA REDES SECAS;IDU;961;1107;1001082;8.22.;CAJA DE INSPECCIÓN PARA ALUMBRADO PÚBLICO NORMA CODENSA CS 274  (Anden. Incluye Base, Muros, Pañete, Marco y Tapa). Medidas Externas: 0.90 x 0.90m. Medidas Internas: 0.60 x 0.60m. Altura: 0.93m.;UN;4;0;0;4;393359;1573436;OCCIDENTAL;cl 181;cl 181 c;92086808;TRAMO 1;"Ajuste y cierre de cantidades para el item de cobro 8.22.CAJA DE INSPECCIÓN PARA ALUMBRADO PÚBLICO NORMA CODENSA CS 274  (Anden. Incluye Base Muros Pañete Marco y Tapa). Medidas Externas: 0.90 x 0.90m. Medidas Internas: 0.60 x 0.60m. Altura: 0.93m.. Balance de cantidades en donde se descuentan las cantidades cobradas a la fecha y se recobran de acuerdo a este reporte. Cantidades reportadas y validadas de acuerdo a información enviada a Interventoría
";2
50995;71;270;8.CODENSA REDES SECAS;IDU;513.4;647;1008484;8.22.;CAJA DE INSPECCIÓN PARA ALUMBRADO PÚBLICO NORMA CODENSA CS 274  (Anden. Incluye Base, Muros, Pañete, Marco y Tapa). Medidas Externas: 0.90 x 0.90m. Medidas Internas: 0.60 x 0.60m. Altura: 0.93m.;UN;3;0;0;3;393359;1180077;OCCIDENTAL;cl 173;cl 180;92086833;TRAMO 1;"Ajuste y cierre de cantidades para el item de cobro 8.22.CAJA DE INSPECCIÓN PARA ALUMBRADO PÚBLICO NORMA CODENSA CS 274  (Anden. Incluye Base Muros Pañete Marco y Tapa). Medidas Externas: 0.90 x 0.90m. Medidas Internas: 0.60 x 0.60m. Altura: 0.93m.. Balance de cantidades en donde se descuentan las cantidades cobradas a la fecha y se recobran de acuerdo a este reporte. Cantidades reportadas y validadas de acuerdo a información enviada a Interventoría
";2
50994;71;270;8.CODENSA REDES SECAS;IDU;23.13;224.4;1001382;8.22.;CAJA DE INSPECCIÓN PARA ALUMBRADO PÚBLICO NORMA CODENSA CS 274  (Anden. Incluye Base, Muros, Pañete, Marco y Tapa). Medidas Externas: 0.90 x 0.90m. Medidas Internas: 0.60 x 0.60m. Altura: 0.93m.;UN;7;0;0;7;393359;2753513;OCCIDENTAL;cl 170;cl 172;92086811;TRAMO 1;"Ajuste y cierre de cantidades para el item de cobro 8.22.CAJA DE INSPECCIÓN PARA ALUMBRADO PÚBLICO NORMA CODENSA CS 274  (Anden. Incluye Base Muros Pañete Marco y Tapa). Medidas Externas: 0.90 x 0.90m. Medidas Internas: 0.60 x 0.60m. Altura: 0.93m.. Balance de cantidades en donde se descuentan las cantidades cobradas a la fecha y se recobran de acuerdo a este reporte. Cantidades reportadas y validadas de acuerdo a información enviada a Interventoría
";2
50993;71;270;8.CODENSA REDES SECAS;IDU;899.5;960;1001222;8.22.;CAJA DE INSPECCIÓN PARA ALUMBRADO PÚBLICO NORMA CODENSA CS 274  (Anden. Incluye Base, Muros, Pañete, Marco y Tapa). Medidas Externas: 0.90 x 0.90m. Medidas Internas: 0.60 x 0.60m. Altura: 0.93m.;UN;1.12;0;0;1.12;393359;440562;ORIENTAL;cl 180;cl 181;91042461;TRAMO 1;"Ajuste y cierre de cantidades para el item de cobro 8.22.CAJA DE INSPECCIÓN PARA ALUMBRADO PÚBLICO NORMA CODENSA CS 274  (Anden. Incluye Base Muros Pañete Marco y Tapa). Medidas Externas: 0.90 x 0.90m. Medidas Internas: 0.60 x 0.60m. Altura: 0.93m.. Balance de cantidades en donde se descuentan las cantidades cobradas a la fecha y se recobran de acuerdo a este reporte. Cantidades reportadas y validadas de acuerdo a información enviada a Interventoría
";2
50992;71;270;8.CODENSA REDES SECAS;IDU;0;8;1001382;8.22.;CAJA DE INSPECCIÓN PARA ALUMBRADO PÚBLICO NORMA CODENSA CS 274  (Anden. Incluye Base, Muros, Pañete, Marco y Tapa). Medidas Externas: 0.90 x 0.90m. Medidas Internas: 0.60 x 0.60m. Altura: 0.93m.;UN;1;0;0;1;393359;393359;ORIENTAL;cl 170;cl 172;91042441;TRAMO 1;"Ajuste y cierre de cantidades para el item de cobro 8.22.CAJA DE INSPECCIÓN PARA ALUMBRADO PÚBLICO NORMA CODENSA CS 274  (Anden. Incluye Base Muros Pañete Marco y Tapa). Medidas Externas: 0.90 x 0.90m. Medidas Internas: 0.60 x 0.60m. Altura: 0.93m.. Balance de cantidades en donde se descuentan las cantidades cobradas a la fecha y se recobran de acuerdo a este reporte. Cantidades reportadas y validadas de acuerdo a información enviada a Interventoría
";2
50991;71;270;8.CODENSA REDES SECAS;IDU;0;20;1001385;8.22.;CAJA DE INSPECCIÓN PARA ALUMBRADO PÚBLICO NORMA CODENSA CS 274  (Anden. Incluye Base, Muros, Pañete, Marco y Tapa). Medidas Externas: 0.90 x 0.90m. Medidas Internas: 0.60 x 0.60m. Altura: 0.93m.;UN;1;0;0;1;393359;393359;ORIENTAL;cl 170;cl 172;507849;TRAMO 1;"Ajuste y cierre de cantidades para el item de cobro 8.22.CAJA DE INSPECCIÓN PARA ALUMBRADO PÚBLICO NORMA CODENSA CS 274  (Anden. Incluye Base Muros Pañete Marco y Tapa). Medidas Externas: 0.90 x 0.90m. Medidas Internas: 0.60 x 0.60m. Altura: 0.93m.. Balance de cantidades en donde se descuentan las cantidades cobradas a la fecha y se recobran de acuerdo a este reporte. Cantidades reportadas y validadas de acuerdo a información enviada a Interventoría
";2
50990;71;270;8.CODENSA REDES SECAS;IDU;1151;1158;1001038;8.22.;CAJA DE INSPECCIÓN PARA ALUMBRADO PÚBLICO NORMA CODENSA CS 274  (Anden. Incluye Base, Muros, Pañete, Marco y Tapa). Medidas Externas: 0.90 x 0.90m. Medidas Internas: 0.60 x 0.60m. Altura: 0.93m.;UN;1;0;0;1;393359;393359;ORIENTAL;cl 182;kr 9;600020;TRAMO 1;"Ajuste y cierre de cantidades para el item de cobro 8.22.CAJA DE INSPECCIÓN PARA ALUMBRADO PÚBLICO NORMA CODENSA CS 274  (Anden. Incluye Base Muros Pañete Marco y Tapa). Medidas Externas: 0.90 x 0.90m. Medidas Internas: 0.60 x 0.60m. Altura: 0.93m.. Balance de cantidades en donde se descuentan las cantidades cobradas a la fecha y se recobran de acuerdo a este reporte. Cantidades reportadas y validadas de acuerdo a información enviada a Interventoría
";2
50988;71;270;8.CODENSA REDES SECAS;IDU;1216.63;1301;1006372;8.22.;CAJA DE INSPECCIÓN PARA ALUMBRADO PÚBLICO NORMA CODENSA CS 274  (Anden. Incluye Base, Muros, Pañete, Marco y Tapa). Medidas Externas: 0.90 x 0.90m. Medidas Internas: 0.60 x 0.60m. Altura: 0.93m.;UN;1.1;0;0;1.1;393359;432695;ORIENTAL;cl 182 a;cl 183;92086801;TRAMO 1;"Ajuste y cierre de cantidades para el item de cobro 8.22.CAJA DE INSPECCIÓN PARA ALUMBRADO PÚBLICO NORMA CODENSA CS 274  (Anden. Incluye Base Muros Pañete Marco y Tapa). Medidas Externas: 0.90 x 0.90m. Medidas Internas: 0.60 x 0.60m. Altura: 0.93m.. Balance de cantidades en donde se descuentan las cantidades cobradas a la fecha y se recobran de acuerdo a este reporte. Cantidades reportadas y validadas de acuerdo a información enviada a Interventoría
";2
50987;71;270;8.CODENSA REDES SECAS;IDU;1310.9;1349.66;1007125;8.23.;CAJA DE INSPECCIÓN SENCILLA PARA CANALIZACIÓN NORMA CODENSA CS 275  (Anden. Incluye Base, Muros, Pañete, Marco y Tapa). Medidas Externas: 1.49 x 0.99m. Medidas Internas: 1.19 x 0.69m. Altura: 1.37m.;UN;-0.5;0;0;-0.5;716907;-358453;OCCIDENTAL;cl 183;cl 185 b;91019381;TRAMO 2;"Ajuste y cierre de cantidades para el item de cobro 8.23. CAJA DE INSPECCIÓN SENCILLA PARA CANALIZACIÓN NORMA CODENSA CS 275  (Anden. Incluye Base Muros Pañete Marco y Tapa). Medidas Externas: 1.49 x 0.99m. Medidas Internas: 1.19 x 0.69m. Altura: 1.37m.. Balance de cantidades en donde se descuentan las cantidades cobradas a la fecha y se recobran de acuerdo a este reporte. Cantidades reportadas y validadas de acuerdo a información enviada a Interventoría
";2
50986;71;270;8.CODENSA REDES SECAS;IDU;1510.83;1530;1000763;8.23.;CAJA DE INSPECCIÓN SENCILLA PARA CANALIZACIÓN NORMA CODENSA CS 275  (Anden. Incluye Base, Muros, Pañete, Marco y Tapa). Medidas Externas: 1.49 x 0.99m. Medidas Internas: 1.19 x 0.69m. Altura: 1.37m.;UN;-1;0;0;-1;716907;-716907;OCCIDENTAL;cl 183;cl 185 b;92086826;TRAMO 2;"Ajuste y cierre de cantidades para el item de cobro 8.23. CAJA DE INSPECCIÓN SENCILLA PARA CANALIZACIÓN NORMA CODENSA CS 275  (Anden. Incluye Base Muros Pañete Marco y Tapa). Medidas Externas: 1.49 x 0.99m. Medidas Internas: 1.19 x 0.69m. Altura: 1.37m.. Balance de cantidades en donde se descuentan las cantidades cobradas a la fecha y se recobran de acuerdo a este reporte. Cantidades reportadas y validadas de acuerdo a información enviada a Interventoría
";2
50985;71;270;8.CODENSA REDES SECAS;IDU;1720.15;1744.99;1006359;8.23.;CAJA DE INSPECCIÓN SENCILLA PARA CANALIZACIÓN NORMA CODENSA CS 275  (Anden. Incluye Base, Muros, Pañete, Marco y Tapa). Medidas Externas: 1.49 x 0.99m. Medidas Internas: 1.19 x 0.69m. Altura: 1.37m.;UN;-1;0;0;-1;716907;-716907;OCCIDENTAL;cl 187;cl 187 a;525215;TRAMO 2;"Ajuste y cierre de cantidades para el item de cobro 8.23. CAJA DE INSPECCIÓN SENCILLA PARA CANALIZACIÓN NORMA CODENSA CS 275  (Anden. Incluye Base Muros Pañete Marco y Tapa). Medidas Externas: 1.49 x 0.99m. Medidas Internas: 1.19 x 0.69m. Altura: 1.37m.. Balance de cantidades en donde se descuentan las cantidades cobradas a la fecha y se recobran de acuerdo a este reporte. Cantidades reportadas y validadas de acuerdo a información enviada a Interventoría
";2
50984;71;270;8.CODENSA REDES SECAS;IDU;2168.51;2336.36;1000131;8.23.;CAJA DE INSPECCIÓN SENCILLA PARA CANALIZACIÓN NORMA CODENSA CS 275  (Anden. Incluye Base, Muros, Pañete, Marco y Tapa). Medidas Externas: 1.49 x 0.99m. Medidas Internas: 1.19 x 0.69m. Altura: 1.37m.;UN;-1;0;0;-1;716907;-716907;ORIENTAL;cl 191;cl 192;525263;TRAMO 2;"Ajuste y cierre de cantidades para el item de cobro 8.23. CAJA DE INSPECCIÓN SENCILLA PARA CANALIZACIÓN NORMA CODENSA CS 275  (Anden. Incluye Base Muros Pañete Marco y Tapa). Medidas Externas: 1.49 x 0.99m. Medidas Internas: 1.19 x 0.69m. Altura: 1.37m.. Balance de cantidades en donde se descuentan las cantidades cobradas a la fecha y se recobran de acuerdo a este reporte. Cantidades reportadas y validadas de acuerdo a información enviada a Interventoría
";2
50983;71;270;8.CODENSA REDES SECAS;IDU;2169.2;2348.01;1000131;8.23.;CAJA DE INSPECCIÓN SENCILLA PARA CANALIZACIÓN NORMA CODENSA CS 275  (Anden. Incluye Base, Muros, Pañete, Marco y Tapa). Medidas Externas: 1.49 x 0.99m. Medidas Internas: 1.19 x 0.69m. Altura: 1.37m.;UN;-1;0;0;-1;716907;-716907;ORIENTAL;cl 191;cl 192;525262;TRAMO 2;"Ajuste y cierre de cantidades para el item de cobro 8.23. CAJA DE INSPECCIÓN SENCILLA PARA CANALIZACIÓN NORMA CODENSA CS 275  (Anden. Incluye Base Muros Pañete Marco y Tapa). Medidas Externas: 1.49 x 0.99m. Medidas Internas: 1.19 x 0.69m. Altura: 1.37m.. Balance de cantidades en donde se descuentan las cantidades cobradas a la fecha y se recobran de acuerdo a este reporte. Cantidades reportadas y validadas de acuerdo a información enviada a Interventoría
";2
50982;71;270;8.CODENSA REDES SECAS;IDU;1401.08;1490.64;1000938;8.23.;CAJA DE INSPECCIÓN SENCILLA PARA CANALIZACIÓN NORMA CODENSA CS 275  (Anden. Incluye Base, Muros, Pañete, Marco y Tapa). Medidas Externas: 1.49 x 0.99m. Medidas Internas: 1.19 x 0.69m. Altura: 1.37m.;UN;-1;0;0;-1;716907;-716907;OCCIDENTAL;cl 183;cl 185 b;525265;TRAMO 2;"Ajuste y cierre de cantidades para el item de cobro 8.23. CAJA DE INSPECCIÓN SENCILLA PARA CANALIZACIÓN NORMA CODENSA CS 275  (Anden. Incluye Base Muros Pañete Marco y Tapa). Medidas Externas: 1.49 x 0.99m. Medidas Internas: 1.19 x 0.69m. Altura: 1.37m.. Balance de cantidades en donde se descuentan las cantidades cobradas a la fecha y se recobran de acuerdo a este reporte. Cantidades reportadas y validadas de acuerdo a información enviada a Interventoría
";2
50981;71;270;8.CODENSA REDES SECAS;IDU;1615.41;1720.15;1008278;8.23.;CAJA DE INSPECCIÓN SENCILLA PARA CANALIZACIÓN NORMA CODENSA CS 275  (Anden. Incluye Base, Muros, Pañete, Marco y Tapa). Medidas Externas: 1.49 x 0.99m. Medidas Internas: 1.19 x 0.69m. Altura: 1.37m.;UN;-1;0;0;-1;716907;-716907;CENTRAL;cl 186;cl 187;91042451;TRAMO 2;"Ajuste y cierre de cantidades para el item de cobro 8.23. CAJA DE INSPECCIÓN SENCILLA PARA CANALIZACIÓN NORMA CODENSA CS 275  (Anden. Incluye Base Muros Pañete Marco y Tapa). Medidas Externas: 1.49 x 0.99m. Medidas Internas: 1.19 x 0.69m. Altura: 1.37m.. Balance de cantidades en donde se descuentan las cantidades cobradas a la fecha y se recobran de acuerdo a este reporte. Cantidades reportadas y validadas de acuerdo a información enviada a Interventoría
";2
50980;71;270;8.CODENSA REDES SECAS;IDU;1567.28;1615.41;1000717;8.23.;CAJA DE INSPECCIÓN SENCILLA PARA CANALIZACIÓN NORMA CODENSA CS 275  (Anden. Incluye Base, Muros, Pañete, Marco y Tapa). Medidas Externas: 1.49 x 0.99m. Medidas Internas: 1.19 x 0.69m. Altura: 1.37m.;UN;-0.7;0;0;-0.7;716907;-501835;OCCIDENTAL;cl 185 b;cl 186;525259;TRAMO 2;"Ajuste y cierre de cantidades para el item de cobro 8.23. CAJA DE INSPECCIÓN SENCILLA PARA CANALIZACIÓN NORMA CODENSA CS 275  (Anden. Incluye Base Muros Pañete Marco y Tapa). Medidas Externas: 1.49 x 0.99m. Medidas Internas: 1.19 x 0.69m. Altura: 1.37m.. Balance de cantidades en donde se descuentan las cantidades cobradas a la fecha y se recobran de acuerdo a este reporte. Cantidades reportadas y validadas de acuerdo a información enviada a Interventoría
";2
50979;71;270;8.CODENSA REDES SECAS;IDU;1216.63;1312.95;1006372;8.23.;CAJA DE INSPECCIÓN SENCILLA PARA CANALIZACIÓN NORMA CODENSA CS 275  (Anden. Incluye Base, Muros, Pañete, Marco y Tapa). Medidas Externas: 1.49 x 0.99m. Medidas Internas: 1.19 x 0.69m. Altura: 1.37m.;UN;-0.7;0;0;-0.7;716907;-501835;ORIENTAL;cl 182 a;cl 183;606394;TRAMO 1;"Ajuste y cierre de cantidades para el item de cobro 8.23. CAJA DE INSPECCIÓN SENCILLA PARA CANALIZACIÓN NORMA CODENSA CS 275  (Anden. Incluye Base Muros Pañete Marco y Tapa). Medidas Externas: 1.49 x 0.99m. Medidas Internas: 1.19 x 0.69m. Altura: 1.37m.. Balance de cantidades en donde se descuentan las cantidades cobradas a la fecha y se recobran de acuerdo a este reporte. Cantidades reportadas y validadas de acuerdo a información enviada a Interventoría
";2
50978;71;270;8.CODENSA REDES SECAS;IDU;1155.58;1216.63;1001035;8.23.;CAJA DE INSPECCIÓN SENCILLA PARA CANALIZACIÓN NORMA CODENSA CS 275  (Anden. Incluye Base, Muros, Pañete, Marco y Tapa). Medidas Externas: 1.49 x 0.99m. Medidas Internas: 1.19 x 0.69m. Altura: 1.37m.;UN;-0.7;0;0;-0.7;716907;-501835;ORIENTAL;cl 182;cl 182 a;525268;TRAMO 1;"Ajuste y cierre de cantidades para el item de cobro 8.23. CAJA DE INSPECCIÓN SENCILLA PARA CANALIZACIÓN NORMA CODENSA CS 275  (Anden. Incluye Base Muros Pañete Marco y Tapa). Medidas Externas: 1.49 x 0.99m. Medidas Internas: 1.19 x 0.69m. Altura: 1.37m.. Balance de cantidades en donde se descuentan las cantidades cobradas a la fecha y se recobran de acuerdo a este reporte. Cantidades reportadas y validadas de acuerdo a información enviada a Interventoría
";2
50977;71;270;8.CODENSA REDES SECAS;IDU;1107.05;1155.58;1001082;8.23.;CAJA DE INSPECCIÓN SENCILLA PARA CANALIZACIÓN NORMA CODENSA CS 275  (Anden. Incluye Base, Muros, Pañete, Marco y Tapa). Medidas Externas: 1.49 x 0.99m. Medidas Internas: 1.19 x 0.69m. Altura: 1.37m.;UN;-0.7;0;0;-0.7;716907;-501835;ORIENTAL;cl 181 c;cl 182;91062397;TRAMO 1;"Ajuste y cierre de cantidades para el item de cobro 8.23. CAJA DE INSPECCIÓN SENCILLA PARA CANALIZACIÓN NORMA CODENSA CS 275  (Anden. Incluye Base Muros Pañete Marco y Tapa). Medidas Externas: 1.49 x 0.99m. Medidas Internas: 1.19 x 0.69m. Altura: 1.37m.. Balance de cantidades en donde se descuentan las cantidades cobradas a la fecha y se recobran de acuerdo a este reporte. Cantidades reportadas y validadas de acuerdo a información enviada a Interventoría
";2
50976;71;270;8.CODENSA REDES SECAS;IDU;1510.83;1538.4;1000763;8.23.;CAJA DE INSPECCIÓN SENCILLA PARA CANALIZACIÓN NORMA CODENSA CS 275  (Anden. Incluye Base, Muros, Pañete, Marco y Tapa). Medidas Externas: 1.49 x 0.99m. Medidas Internas: 1.19 x 0.69m. Altura: 1.37m.;UN;-0.5;0;0;-0.5;716907;-358453;OCCIDENTAL;cl 183;cl 185 b;525237;TRAMO 2;"Ajuste y cierre de cantidades para el item de cobro 8.23. CAJA DE INSPECCIÓN SENCILLA PARA CANALIZACIÓN NORMA CODENSA CS 275  (Anden. Incluye Base Muros Pañete Marco y Tapa). Medidas Externas: 1.49 x 0.99m. Medidas Internas: 1.19 x 0.69m. Altura: 1.37m.. Balance de cantidades en donde se descuentan las cantidades cobradas a la fecha y se recobran de acuerdo a este reporte. Cantidades reportadas y validadas de acuerdo a información enviada a Interventoría
";2
50975;71;270;8.CODENSA REDES SECAS;IDU;1535.87;1567.28;1006975;8.23.;CAJA DE INSPECCIÓN SENCILLA PARA CANALIZACIÓN NORMA CODENSA CS 275  (Anden. Incluye Base, Muros, Pañete, Marco y Tapa). Medidas Externas: 1.49 x 0.99m. Medidas Internas: 1.19 x 0.69m. Altura: 1.37m.;UN;1;0;0;1;716907;716907;OCCIDENTAL;cl 185 b;cl 186;92086819;TRAMO 2;"Ajuste y cierre de cantidades para el item de cobro 8.23. CAJA DE INSPECCIÓN SENCILLA PARA CANALIZACIÓN NORMA CODENSA CS 275  (Anden. Incluye Base Muros Pañete Marco y Tapa). Medidas Externas: 1.49 x 0.99m. Medidas Internas: 1.19 x 0.69m. Altura: 1.37m.. Balance de cantidades en donde se descuentan las cantidades cobradas a la fecha y se recobran de acuerdo a este reporte. Cantidades reportadas y validadas de acuerdo a información enviada a Interventoría
";2
50974;71;270;8.CODENSA REDES SECAS;IDU;1325;1349.66;1007125;8.23.;CAJA DE INSPECCIÓN SENCILLA PARA CANALIZACIÓN NORMA CODENSA CS 275  (Anden. Incluye Base, Muros, Pañete, Marco y Tapa). Medidas Externas: 1.49 x 0.99m. Medidas Internas: 1.19 x 0.69m. Altura: 1.37m.;UN;0.5;0;0;0.5;716907;358454;OCCIDENTAL;cl 183;cl 185 b;92086839;TRAMO 2;"Ajuste y cierre de cantidades para el item de cobro 8.23. CAJA DE INSPECCIÓN SENCILLA PARA CANALIZACIÓN NORMA CODENSA CS 275  (Anden. Incluye Base Muros Pañete Marco y Tapa). Medidas Externas: 1.49 x 0.99m. Medidas Internas: 1.19 x 0.69m. Altura: 1.37m.. Balance de cantidades en donde se descuentan las cantidades cobradas a la fecha y se recobran de acuerdo a este reporte. Cantidades reportadas y validadas de acuerdo a información enviada a Interventoría
";2
50973;71;270;8.CODENSA REDES SECAS;IDU;1107;1145;1001082;8.23.;CAJA DE INSPECCIÓN SENCILLA PARA CANALIZACIÓN NORMA CODENSA CS 275  (Anden. Incluye Base, Muros, Pañete, Marco y Tapa). Medidas Externas: 1.49 x 0.99m. Medidas Internas: 1.19 x 0.69m. Altura: 1.37m.;UN;2;0;0;2;716907;1433814;ORIENTAL;cl 181 c;cl 182;92086830;TRAMO 1;"Ajuste y cierre de cantidades para el item de cobro 8.23. CAJA DE INSPECCIÓN SENCILLA PARA CANALIZACIÓN NORMA CODENSA CS 275  (Anden. Incluye Base Muros Pañete Marco y Tapa). Medidas Externas: 1.49 x 0.99m. Medidas Internas: 1.19 x 0.69m. Altura: 1.37m.. Balance de cantidades en donde se descuentan las cantidades cobradas a la fecha y se recobran de acuerdo a este reporte. Cantidades reportadas y validadas de acuerdo a información enviada a Interventoría
";2
50972;71;270;8.CODENSA REDES SECAS;IDU;1162;1216.63;1001035;8.23.;CAJA DE INSPECCIÓN SENCILLA PARA CANALIZACIÓN NORMA CODENSA CS 275  (Anden. Incluye Base, Muros, Pañete, Marco y Tapa). Medidas Externas: 1.49 x 0.99m. Medidas Internas: 1.19 x 0.69m. Altura: 1.37m.;UN;2;0;0;2;716907;1433814;ORIENTAL;cl 182;cl 182 a;525267;TRAMO 1;"Ajuste y cierre de cantidades para el item de cobro 8.23. CAJA DE INSPECCIÓN SENCILLA PARA CANALIZACIÓN NORMA CODENSA CS 275  (Anden. Incluye Base Muros Pañete Marco y Tapa). Medidas Externas: 1.49 x 0.99m. Medidas Internas: 1.19 x 0.69m. Altura: 1.37m.. Balance de cantidades en donde se descuentan las cantidades cobradas a la fecha y se recobran de acuerdo a este reporte. Cantidades reportadas y validadas de acuerdo a información enviada a Interventoría
";2
50971;71;270;8.CODENSA REDES SECAS;IDU;1860.77;1946.13;1000396;NP-115;CAJA DE INSPECCIÓN  PARA CANALIZACIÓN NORMA CODENSA CS 280  (Via. Incluye Base, Muros, Pañete, Marco y Tapas). Medidas Externas: 2,00 x 2,00m. Medidas Internas: 1.50 x 1.5m. Altura: 1,80m.;UN;-1;0;0;-1;3667456;-3667456;OCCIDENTAL;cl 188 bis;cl 189;525256;TRAMO 2;"Ajuste y cierre de cantidades para el item de cobro NP-115 CAJA DE INSPECCIÓN  PARA CANALIZACIÓN NORMA CODENSA CS 280  (Via. Incluye Base Muros Pañete Marco y Tapas). Medidas Externas: 200 x 200m. Medidas Internas: 1.50 x 1.5m. Altura: 180m.. Balance de cantidades en donde se descuentan las cantidades cobradas a la fecha y se recobran de acuerdo a este reporte. Cantidades reportadas y validadas de acuerdo a información enviada a Interventoría
";2
50970;71;270;8.CODENSA REDES SECAS;IDU;2348.01;2392.16;1000041;NP-115;CAJA DE INSPECCIÓN  PARA CANALIZACIÓN NORMA CODENSA CS 280  (Via. Incluye Base, Muros, Pañete, Marco y Tapas). Medidas Externas: 2,00 x 2,00m. Medidas Internas: 1.50 x 1.5m. Altura: 1,80m.;UN;-0.7;0;0;-0.7;3667456;-2567219;ORIENTAL;cl 192;cl 193;525250;TRAMO 2;"Ajuste y cierre de cantidades para el item de cobro NP-115 CAJA DE INSPECCIÓN  PARA CANALIZACIÓN NORMA CODENSA CS 280  (Via. Incluye Base Muros Pañete Marco y Tapas). Medidas Externas: 200 x 200m. Medidas Internas: 1.50 x 1.5m. Altura: 180m.. Balance de cantidades en donde se descuentan las cantidades cobradas a la fecha y se recobran de acuerdo a este reporte. Cantidades reportadas y validadas de acuerdo a información enviada a Interventoría
";2
50969;71;270;8.CODENSA REDES SECAS;IDU;1.5;225.96;1001382;NP-115;CAJA DE INSPECCIÓN  PARA CANALIZACIÓN NORMA CODENSA CS 280  (Via. Incluye Base, Muros, Pañete, Marco y Tapas). Medidas Externas: 2,00 x 2,00m. Medidas Internas: 1.50 x 1.5m. Altura: 1,80m.;UN;-1;0;0;-1;3667456;-3667456;ORIENTAL;cl 170;cl 172;503551;TRAMO 1;"Ajuste y cierre de cantidades para el item de cobro NP-115 CAJA DE INSPECCIÓN  PARA CANALIZACIÓN NORMA CODENSA CS 280  (Via. Incluye Base Muros Pañete Marco y Tapas). Medidas Externas: 200 x 200m. Medidas Internas: 1.50 x 1.5m. Altura: 180m.. Balance de cantidades en donde se descuentan las cantidades cobradas a la fecha y se recobran de acuerdo a este reporte. Cantidades reportadas y validadas de acuerdo a información enviada a Interventoría
";2
50968;71;270;8.CODENSA REDES SECAS;IDU;0;67.5;1001382;NP-115;CAJA DE INSPECCIÓN  PARA CANALIZACIÓN NORMA CODENSA CS 280  (Via. Incluye Base, Muros, Pañete, Marco y Tapas). Medidas Externas: 2,00 x 2,00m. Medidas Internas: 1.50 x 1.5m. Altura: 1,80m.;UN;1;0;0;1;3667456;3667456;ORIENTAL;cl 170;cl 172;91062412;TRAMO 1;"Ajuste y cierre de cantidades para el item de cobro NP-115 CAJA DE INSPECCIÓN  PARA CANALIZACIÓN NORMA CODENSA CS 280  (Via. Incluye Base Muros Pañete Marco y Tapas). Medidas Externas: 200 x 200m. Medidas Internas: 1.50 x 1.5m. Altura: 180m.. Balance de cantidades en donde se descuentan las cantidades cobradas a la fecha y se recobran de acuerdo a este reporte. Cantidades reportadas y validadas de acuerdo a información enviada a Interventoría
";2
50967;71;270;8.CODENSA REDES SECAS;IDU;2169.2;2348.01;1000131;NP-115;CAJA DE INSPECCIÓN  PARA CANALIZACIÓN NORMA CODENSA CS 280  (Via. Incluye Base, Muros, Pañete, Marco y Tapas). Medidas Externas: 2,00 x 2,00m. Medidas Internas: 1.50 x 1.5m. Altura: 1,80m.;UN;2;0;0;2;3667456;7334912;ORIENTAL;cl 191;cl 192;525262;TRAMO 2;"Ajuste y cierre de cantidades para el item de cobro NP-115 CAJA DE INSPECCIÓN  PARA CANALIZACIÓN NORMA CODENSA CS 280  (Via. Incluye Base Muros Pañete Marco y Tapas). Medidas Externas: 200 x 200m. Medidas Internas: 1.50 x 1.5m. Altura: 180m.. Balance de cantidades en donde se descuentan las cantidades cobradas a la fecha y se recobran de acuerdo a este reporte. Cantidades reportadas y validadas de acuerdo a información enviada a Interventoría
";2
50966;71;270;8.CODENSA REDES SECAS;IDU;1310.9;1349.66;1007125;8.19.;NIVELACIÓN DE CAJA DE INSPECCIÓN TIPO VEHICULAR NORMA CODENSA CS 280 H=0,5m   (INCLUYE CONCRETO 3000 PSI PREMEZCLADO, LADRILLO TOLETE RECOCIDO 24x12x6. MORTERO 1:4 IMPERMEABILIZADO HECHO EN OBRA. INCL. REPOSICIÓN DE MARCO Y TAPA PREFABRICADA);UN;1;0;0;1;1488460;1488460;OCCIDENTAL;cl 183;cl 185 b;91019381;TRAMO 2;"Ajuste y cierre de cantidades para el item de cobro 8.19.NIVELACIÓN DE CAJA DE INSPECCIÓN TIPO VEHICULAR NORMA CODENSA CS 280 H=0,5m   (INCLUYE CONCRETO 3000 PSI PREMEZCLADO, LADRILLO TOLETE RECOCIDO 24x12x6. MORTERO 1:4 IMPERMEABILIZADO HECHO EN OBRA. INCL. REPOSICIÓN DE MARCO Y TAPA PREFABRICADA) . Balance de cantidades en donde se descuentan las cantidades cobradas a la fecha y se recobran de acuerdo a este reporte. Cantidades reportadas y validadas de acuerdo a información enviada a Interventoría
";2
50965;71;270;8.CODENSA REDES SECAS;IDU;1214.58;1310.9;1006372;8.19.;NIVELACIÓN DE CAJA DE INSPECCIÓN TIPO VEHICULAR NORMA CODENSA CS 280 H=0,5m   (INCLUYE CONCRETO 3000 PSI PREMEZCLADO, LADRILLO TOLETE RECOCIDO 24x12x6. MORTERO 1:4 IMPERMEABILIZADO HECHO EN OBRA. INCL. REPOSICIÓN DE MARCO Y TAPA PREFABRICADA);UN;1;0;0;1;1488460;1488460;OCCIDENTAL;cl 182 a;cl 183;91062407;TRAMO 1;"Ajuste y cierre de cantidades para el item de cobro 8.19.NIVELACIÓN DE CAJA DE INSPECCIÓN TIPO VEHICULAR NORMA CODENSA CS 280 H=0,5m   (INCLUYE CONCRETO 3000 PSI PREMEZCLADO, LADRILLO TOLETE RECOCIDO 24x12x6. MORTERO 1:4 IMPERMEABILIZADO HECHO EN OBRA. INCL. REPOSICIÓN DE MARCO Y TAPA PREFABRICADA) . Balance de cantidades en donde se descuentan las cantidades cobradas a la fecha y se recobran de acuerdo a este reporte. Cantidades reportadas y validadas de acuerdo a información enviada a Interventoría
";2
50964;71;270;8.CODENSA REDES SECAS;IDU;1541.38;1570.3;1006975;NP-400;CONSTRUCCION DE CAJA DE INSPECCION DOBLE PARA CANALIZACION DE M.T. Y B.T. TIPO CS 276 CON TAPA PARA TRAFICO VEHICULAR (INCLUYE CONCRETO DE BASE, MURO DE ESPESOR 0.25M, PAÑETE, CONCRETO PARA VIGA DE SOPORTE DE MARCO Y MARCO Y TAPA. NO INCLUYE TUBERÍA). MEDIDAS EXTERNAS: 1.69 X 1.99M. MEDIDAS INTERNAS: 1.19 X 1.49M. ALTURA TOTAL: 1.85M;UND;-1;0;0;-1;2453119;-2453119;ORIENTAL;cl 185 b;cl 186;91062385;TRAMO 2;"Ajuste y cierre de cantidades para el item de cobro NP-400 CONSTRUCCION DE CAJA DE INSPECCION DOBLE PARA CANALIZACION DE M.T. Y B.T. TIPO CS 276 CON TAPA PARA TRAFICO VEHICULAR (INCLUYE CONCRETO DE BASE MURO DE ESPESOR 0.25M PAÑETE CONCRETO PARA VIGA DE SOPORTE DE MARCO Y MARCO Y TAPA. NO INCLUYE TUBERÍA). MEDIDAS EXTERNAS: 1.69 X 1.99M. MEDIDAS INTERNAS: 1.19 X 1.49M. ALTURA TOTAL: 1.85M. Balance de cantidades en donde se descuentan las cantidades cobradas a la fecha y se recobran de acuerdo a este reporte. Cantidades reportadas y validadas de acuerdo a información enviada a Interventoría
";2
50963;71;270;8.CODENSA REDES SECAS;IDU;963.8;1107.05;1001082;NP-400;CONSTRUCCION DE CAJA DE INSPECCION DOBLE PARA CANALIZACION DE M.T. Y B.T. TIPO CS 276 CON TAPA PARA TRAFICO VEHICULAR (INCLUYE CONCRETO DE BASE, MURO DE ESPESOR 0.25M, PAÑETE, CONCRETO PARA VIGA DE SOPORTE DE MARCO Y MARCO Y TAPA. NO INCLUYE TUBERÍA). MEDIDAS EXTERNAS: 1.69 X 1.99M. MEDIDAS INTERNAS: 1.19 X 1.49M. ALTURA TOTAL: 1.85M;UND;-2;0;0;-2;2453119;-4906238;ORIENTAL;cl 181;cl 181 c;91062400;TRAMO 1;"Ajuste y cierre de cantidades para el item de cobro NP-400 CONSTRUCCION DE CAJA DE INSPECCION DOBLE PARA CANALIZACION DE M.T. Y B.T. TIPO CS 276 CON TAPA PARA TRAFICO VEHICULAR (INCLUYE CONCRETO DE BASE MURO DE ESPESOR 0.25M PAÑETE CONCRETO PARA VIGA DE SOPORTE DE MARCO Y MARCO Y TAPA. NO INCLUYE TUBERÍA). MEDIDAS EXTERNAS: 1.69 X 1.99M. MEDIDAS INTERNAS: 1.19 X 1.49M. ALTURA TOTAL: 1.85M. Balance de cantidades en donde se descuentan las cantidades cobradas a la fecha y se recobran de acuerdo a este reporte. Cantidades reportadas y validadas de acuerdo a información enviada a Interventoría
";2
50962;71;270;8.CODENSA REDES SECAS;IDU;970;1107;1001082;NP-400;CONSTRUCCION DE CAJA DE INSPECCION DOBLE PARA CANALIZACION DE M.T. Y B.T. TIPO CS 276 CON TAPA PARA TRAFICO VEHICULAR (INCLUYE CONCRETO DE BASE, MURO DE ESPESOR 0.25M, PAÑETE, CONCRETO PARA VIGA DE SOPORTE DE MARCO Y MARCO Y TAPA. NO INCLUYE TUBERÍA). MEDIDAS EXTERNAS: 1.69 X 1.99M. MEDIDAS INTERNAS: 1.19 X 1.49M. ALTURA TOTAL: 1.85M;UND;3;0;0;3;2453119;7359357;ORIENTAL;cl 181;cl 181 c;92086800;TRAMO 1;"Ajuste y cierre de cantidades para el item de cobro NP-400 CONSTRUCCION DE CAJA DE INSPECCION DOBLE PARA CANALIZACION DE M.T. Y B.T. TIPO CS 276 CON TAPA PARA TRAFICO VEHICULAR (INCLUYE CONCRETO DE BASE MURO DE ESPESOR 0.25M PAÑETE CONCRETO PARA VIGA DE SOPORTE DE MARCO Y MARCO Y TAPA. NO INCLUYE TUBERÍA). MEDIDAS EXTERNAS: 1.69 X 1.99M. MEDIDAS INTERNAS: 1.19 X 1.49M. ALTURA TOTAL: 1.85M. Balance de cantidades en donde se descuentan las cantidades cobradas a la fecha y se recobran de acuerdo a este reporte. Cantidades reportadas y validadas de acuerdo a información enviada a Interventoría
";2
50961;71;270;8.CODENSA REDES SECAS;IDU;1540;1570;1006975;NP-400;CONSTRUCCION DE CAJA DE INSPECCION DOBLE PARA CANALIZACION DE M.T. Y B.T. TIPO CS 276 CON TAPA PARA TRAFICO VEHICULAR (INCLUYE CONCRETO DE BASE, MURO DE ESPESOR 0.25M, PAÑETE, CONCRETO PARA VIGA DE SOPORTE DE MARCO Y MARCO Y TAPA. NO INCLUYE TUBERÍA). MEDIDAS EXTERNAS: 1.69 X 1.99M. MEDIDAS INTERNAS: 1.19 X 1.49M. ALTURA TOTAL: 1.85M;UND;1;0;0;1;2453119;2453119;ORIENTAL;cl 185 b;cl 186;92086824;TRAMO 2;"Ajuste y cierre de cantidades para el item de cobro NP-400 CONSTRUCCION DE CAJA DE INSPECCION DOBLE PARA CANALIZACION DE M.T. Y B.T. TIPO CS 276 CON TAPA PARA TRAFICO VEHICULAR (INCLUYE CONCRETO DE BASE MURO DE ESPESOR 0.25M PAÑETE CONCRETO PARA VIGA DE SOPORTE DE MARCO Y MARCO Y TAPA. NO INCLUYE TUBERÍA). MEDIDAS EXTERNAS: 1.69 X 1.99M. MEDIDAS INTERNAS: 1.19 X 1.49M. ALTURA TOTAL: 1.85M. Balance de cantidades en donde se descuentan las cantidades cobradas a la fecha y se recobran de acuerdo a este reporte. Cantidades reportadas y validadas de acuerdo a información enviada a Interventoría
";2
50960;71;270;8.CODENSA REDES SECAS;IDU;1993.37;2148.5;1000259;NP-400;CONSTRUCCION DE CAJA DE INSPECCION DOBLE PARA CANALIZACION DE M.T. Y B.T. TIPO CS 276 CON TAPA PARA TRAFICO VEHICULAR (INCLUYE CONCRETO DE BASE, MURO DE ESPESOR 0.25M, PAÑETE, CONCRETO PARA VIGA DE SOPORTE DE MARCO Y MARCO Y TAPA. NO INCLUYE TUBERÍA). MEDIDAS EXTERNAS: 1.69 X 1.99M. MEDIDAS INTERNAS: 1.19 X 1.49M. ALTURA TOTAL: 1.85M;UND;2;0;0;2;2453119;4906238;ORIENTAL;cl 189;cl 191;525254;TRAMO 2;"Ajuste y cierre de cantidades para el item de cobro NP-400 CONSTRUCCION DE CAJA DE INSPECCION DOBLE PARA CANALIZACION DE M.T. Y B.T. TIPO CS 276 CON TAPA PARA TRAFICO VEHICULAR (INCLUYE CONCRETO DE BASE MURO DE ESPESOR 0.25M PAÑETE CONCRETO PARA VIGA DE SOPORTE DE MARCO Y MARCO Y TAPA. NO INCLUYE TUBERÍA). MEDIDAS EXTERNAS: 1.69 X 1.99M. MEDIDAS INTERNAS: 1.19 X 1.49M. ALTURA TOTAL: 1.85M. Balance de cantidades en donde se descuentan las cantidades cobradas a la fecha y se recobran de acuerdo a este reporte. Cantidades reportadas y validadas de acuerdo a información enviada a Interventoría
";2
50959;71;270;8.CODENSA REDES SECAS;IDU;1949;1993.37;1006819;NP-400;CONSTRUCCION DE CAJA DE INSPECCION DOBLE PARA CANALIZACION DE M.T. Y B.T. TIPO CS 276 CON TAPA PARA TRAFICO VEHICULAR (INCLUYE CONCRETO DE BASE, MURO DE ESPESOR 0.25M, PAÑETE, CONCRETO PARA VIGA DE SOPORTE DE MARCO Y MARCO Y TAPA. NO INCLUYE TUBERÍA). MEDIDAS EXTERNAS: 1.69 X 1.99M. MEDIDAS INTERNAS: 1.19 X 1.49M. ALTURA TOTAL: 1.85M;UND;1;0;0;1;2453119;2453119;ORIENTAL;cl 189;cl 191;92053080;TRAMO 2;"Ajuste y cierre de cantidades para el item de cobro NP-400 CONSTRUCCION DE CAJA DE INSPECCION DOBLE PARA CANALIZACION DE M.T. Y B.T. TIPO CS 276 CON TAPA PARA TRAFICO VEHICULAR (INCLUYE CONCRETO DE BASE MURO DE ESPESOR 0.25M PAÑETE CONCRETO PARA VIGA DE SOPORTE DE MARCO Y MARCO Y TAPA. NO INCLUYE TUBERÍA). MEDIDAS EXTERNAS: 1.69 X 1.99M. MEDIDAS INTERNAS: 1.19 X 1.49M. ALTURA TOTAL: 1.85M. Balance de cantidades en donde se descuentan las cantidades cobradas a la fecha y se recobran de acuerdo a este reporte. Cantidades reportadas y validadas de acuerdo a información enviada a Interventoría
";2
50958;71;270;8.CODENSA REDES SECAS;IDU;1512.6;1540;1000763;NP-400;CONSTRUCCION DE CAJA DE INSPECCION DOBLE PARA CANALIZACION DE M.T. Y B.T. TIPO CS 276 CON TAPA PARA TRAFICO VEHICULAR (INCLUYE CONCRETO DE BASE, MURO DE ESPESOR 0.25M, PAÑETE, CONCRETO PARA VIGA DE SOPORTE DE MARCO Y MARCO Y TAPA. NO INCLUYE TUBERÍA). MEDIDAS EXTERNAS: 1.69 X 1.99M. MEDIDAS INTERNAS: 1.19 X 1.49M. ALTURA TOTAL: 1.85M;UND;1;0;0;1;2453119;2453119;ORIENTAL;cl 183;cl 185 b;92086823;TRAMO 2;"Ajuste y cierre de cantidades para el item de cobro NP-400 CONSTRUCCION DE CAJA DE INSPECCION DOBLE PARA CANALIZACION DE M.T. Y B.T. TIPO CS 276 CON TAPA PARA TRAFICO VEHICULAR (INCLUYE CONCRETO DE BASE MURO DE ESPESOR 0.25M PAÑETE CONCRETO PARA VIGA DE SOPORTE DE MARCO Y MARCO Y TAPA. NO INCLUYE TUBERÍA). MEDIDAS EXTERNAS: 1.69 X 1.99M. MEDIDAS INTERNAS: 1.19 X 1.49M. ALTURA TOTAL: 1.85M. Balance de cantidades en donde se descuentan las cantidades cobradas a la fecha y se recobran de acuerdo a este reporte. Cantidades reportadas y validadas de acuerdo a información enviada a Interventoría
";2
50956;71;270;8.CODENSA REDES SECAS;IDU;225.96;514.96;1001348;NP-318;SUMINISTRO E INSTALACION DE PASOS EN ACERO F’Y=6000 #5(5/8) PARA CAJAS ENEL-CODENSA (INCLUYE RECUBRIMIENTO EPOXICO Y PINTURA).;UND;-16;0;0;-16;17971;-287536;ORIENTAL;cl 172;cl 173;91062402;TRAMO 1;Ajuste y cierre de cantidades para el item de cobro NP-318 SUMINISTRO E INSTALACION DE PASOS EN ACERO Fâ€™Y=6000 #5(5/8) PARA CAJAS ENEL-CODENSA (INCLUYE RECUBRIMIENTO EPOXICO Y PINTURA).  (Anden. Incluye Base Muros Pañete Marco y Tapas).. Balance de cantidades en donde se descuentan las cantidades cobradas a la fecha y se recobran de acuerdo a este reporte. Cantidades reportadas y validadas de acuerdo a información enviada a Interventoría;2
50955;71;270;8.CODENSA REDES SECAS;IDU;224.4;513.4;1001348;NP-318;SUMINISTRO E INSTALACION DE PASOS EN ACERO F’Y=6000 #5(5/8) PARA CAJAS ENEL-CODENSA (INCLUYE RECUBRIMIENTO EPOXICO Y PINTURA).;UND;-316;0;0;-316;17971;-5678836;OCCIDENTAL;cl 172;cl 173;503554;TRAMO 1;Ajuste y cierre de cantidades para el item de cobro NP-318 SUMINISTRO E INSTALACION DE PASOS EN ACERO Fâ€™Y=6000 #5(5/8) PARA CAJAS ENEL-CODENSA (INCLUYE RECUBRIMIENTO EPOXICO Y PINTURA).  (Anden. Incluye Base Muros Pañete Marco y Tapas).. Balance de cantidades en donde se descuentan las cantidades cobradas a la fecha y se recobran de acuerdo a este reporte. Cantidades reportadas y validadas de acuerdo a información enviada a Interventoría;2
50954;71;270;8.CODENSA REDES SECAS;IDU;1567.28;1615.41;1000717;NP-318;SUMINISTRO E INSTALACION DE PASOS EN ACERO F’Y=6000 #5(5/8) PARA CAJAS ENEL-CODENSA (INCLUYE RECUBRIMIENTO EPOXICO Y PINTURA).;UND;-6;0;0;-6;17971;-107826;OCCIDENTAL;cl 185 b;cl 186;525259;TRAMO 2;Ajuste y cierre de cantidades para el item de cobro NP-318 SUMINISTRO E INSTALACION DE PASOS EN ACERO Fâ€™Y=6000 #5(5/8) PARA CAJAS ENEL-CODENSA (INCLUYE RECUBRIMIENTO EPOXICO Y PINTURA).  (Anden. Incluye Base Muros Pañete Marco y Tapas).. Balance de cantidades en donde se descuentan las cantidades cobradas a la fecha y se recobran de acuerdo a este reporte. Cantidades reportadas y validadas de acuerdo a información enviada a Interventoría;2
50953;71;270;8.CODENSA REDES SECAS;IDU;896.02;936.02;1001222;NP-318;SUMINISTRO E INSTALACION DE PASOS EN ACERO F’Y=6000 #5(5/8) PARA CAJAS ENEL-CODENSA (INCLUYE RECUBRIMIENTO EPOXICO Y PINTURA).;UND;-1;0;0;-1;17971;-17971;OCCIDENTAL;cl 180;cl 181;92086832;TRAMO 1;Ajuste y cierre de cantidades para el item de cobro NP-318 SUMINISTRO E INSTALACION DE PASOS EN ACERO Fâ€™Y=6000 #5(5/8) PARA CAJAS ENEL-CODENSA (INCLUYE RECUBRIMIENTO EPOXICO Y PINTURA).  (Anden. Incluye Base Muros Pañete Marco y Tapas).. Balance de cantidades en donde se descuentan las cantidades cobradas a la fecha y se recobran de acuerdo a este reporte. Cantidades reportadas y validadas de acuerdo a información enviada a Interventoría;2
50952;71;270;8.CODENSA REDES SECAS;IDU;1.5;225.96;1001382;NP-318;SUMINISTRO E INSTALACION DE PASOS EN ACERO F’Y=6000 #5(5/8) PARA CAJAS ENEL-CODENSA (INCLUYE RECUBRIMIENTO EPOXICO Y PINTURA).;UND;5;0;0;5;17971;89855;ORIENTAL;cl 170;cl 172;503551;TRAMO 1;Ajuste y cierre de cantidades para el item de cobro NP-318 SUMINISTRO E INSTALACION DE PASOS EN ACERO Fâ€™Y=6000 #5(5/8) PARA CAJAS ENEL-CODENSA (INCLUYE RECUBRIMIENTO EPOXICO Y PINTURA).  (Anden. Incluye Base Muros Pañete Marco y Tapas).. Balance de cantidades en donde se descuentan las cantidades cobradas a la fecha y se recobran de acuerdo a este reporte. Cantidades reportadas y validadas de acuerdo a información enviada a Interventoría;2
50951;71;270;8.CODENSA REDES SECAS;IDU;0;67.5;1001382;NP-318;SUMINISTRO E INSTALACION DE PASOS EN ACERO F’Y=6000 #5(5/8) PARA CAJAS ENEL-CODENSA (INCLUYE RECUBRIMIENTO EPOXICO Y PINTURA).;UND;5;0;0;5;17971;89855;ORIENTAL;cl 170;cl 172;91062412;TRAMO 1;Ajuste y cierre de cantidades para el item de cobro NP-318 SUMINISTRO E INSTALACION DE PASOS EN ACERO Fâ€™Y=6000 #5(5/8) PARA CAJAS ENEL-CODENSA (INCLUYE RECUBRIMIENTO EPOXICO Y PINTURA).  (Anden. Incluye Base Muros Pañete Marco y Tapas).. Balance de cantidades en donde se descuentan las cantidades cobradas a la fecha y se recobran de acuerdo a este reporte. Cantidades reportadas y validadas de acuerdo a información enviada a Interventoría;2
50950;71;270;8.CODENSA REDES SECAS;IDU;2169.2;2348.01;1000131;NP-318;SUMINISTRO E INSTALACION DE PASOS EN ACERO F’Y=6000 #5(5/8) PARA CAJAS ENEL-CODENSA (INCLUYE RECUBRIMIENTO EPOXICO Y PINTURA).;UND;25;0;0;25;17971;449275;ORIENTAL;cl 191;cl 192;525262;TRAMO 2;Ajuste y cierre de cantidades para el item de cobro NP-318 SUMINISTRO E INSTALACION DE PASOS EN ACERO Fâ€™Y=6000 #5(5/8) PARA CAJAS ENEL-CODENSA (INCLUYE RECUBRIMIENTO EPOXICO Y PINTURA).  (Anden. Incluye Base Muros Pañete Marco y Tapas).. Balance de cantidades en donde se descuentan las cantidades cobradas a la fecha y se recobran de acuerdo a este reporte. Cantidades reportadas y validadas de acuerdo a información enviada a Interventoría;2
50949;71;270;8.CODENSA REDES SECAS;IDU;1310.9;1349.66;1007125;NP-318;SUMINISTRO E INSTALACION DE PASOS EN ACERO F’Y=6000 #5(5/8) PARA CAJAS ENEL-CODENSA (INCLUYE RECUBRIMIENTO EPOXICO Y PINTURA).;UND;5;0;0;5;17971;89855;OCCIDENTAL;cl 183;cl 185 b;91019381;TRAMO 2;Ajuste y cierre de cantidades para el item de cobro NP-318 SUMINISTRO E INSTALACION DE PASOS EN ACERO Fâ€™Y=6000 #5(5/8) PARA CAJAS ENEL-CODENSA (INCLUYE RECUBRIMIENTO EPOXICO Y PINTURA).  (Anden. Incluye Base Muros Pañete Marco y Tapas).. Balance de cantidades en donde se descuentan las cantidades cobradas a la fecha y se recobran de acuerdo a este reporte. Cantidades reportadas y validadas de acuerdo a información enviada a Interventoría;2
50948;71;270;8.CODENSA REDES SECAS;IDU;1214.58;1310.9;1006372;NP-318;SUMINISTRO E INSTALACION DE PASOS EN ACERO F’Y=6000 #5(5/8) PARA CAJAS ENEL-CODENSA (INCLUYE RECUBRIMIENTO EPOXICO Y PINTURA).;UND;5;0;0;5;17971;89855;OCCIDENTAL;cl 182 a;cl 183;91062407;TRAMO 1;Ajuste y cierre de cantidades para el item de cobro NP-318 SUMINISTRO E INSTALACION DE PASOS EN ACERO Fâ€™Y=6000 #5(5/8) PARA CAJAS ENEL-CODENSA (INCLUYE RECUBRIMIENTO EPOXICO Y PINTURA).  (Anden. Incluye Base Muros Pañete Marco y Tapas).. Balance de cantidades en donde se descuentan las cantidades cobradas a la fecha y se recobran de acuerdo a este reporte. Cantidades reportadas y validadas de acuerdo a información enviada a Interventoría;2
50947;71;270;8.CODENSA REDES SECAS;IDU;1512.6;1540;1000763;NP-318;SUMINISTRO E INSTALACION DE PASOS EN ACERO F’Y=6000 #5(5/8) PARA CAJAS ENEL-CODENSA (INCLUYE RECUBRIMIENTO EPOXICO Y PINTURA).;UND;4;0;0;4;17971;71884;ORIENTAL;cl 183;cl 185 b;92086823;TRAMO 2;Ajuste y cierre de cantidades para el item de cobro NP-318 SUMINISTRO E INSTALACION DE PASOS EN ACERO Fâ€™Y=6000 #5(5/8) PARA CAJAS ENEL-CODENSA (INCLUYE RECUBRIMIENTO EPOXICO Y PINTURA).  (Anden. Incluye Base Muros Pañete Marco y Tapas).. Balance de cantidades en donde se descuentan las cantidades cobradas a la fecha y se recobran de acuerdo a este reporte. Cantidades reportadas y validadas de acuerdo a información enviada a Interventoría;2
50946;71;270;8.CODENSA REDES SECAS;IDU;2370;2392.16;1000035;NP-318;SUMINISTRO E INSTALACION DE PASOS EN ACERO F’Y=6000 #5(5/8) PARA CAJAS ENEL-CODENSA (INCLUYE RECUBRIMIENTO EPOXICO Y PINTURA).;UND;8;0;0;8;17971;143768;ORIENTAL;cl 192;cl 193;141479;TRAMO 2;Ajuste y cierre de cantidades para el item de cobro NP-318 SUMINISTRO E INSTALACION DE PASOS EN ACERO Fâ€™Y=6000 #5(5/8) PARA CAJAS ENEL-CODENSA (INCLUYE RECUBRIMIENTO EPOXICO Y PINTURA).  (Anden. Incluye Base Muros Pañete Marco y Tapas).. Balance de cantidades en donde se descuentan las cantidades cobradas a la fecha y se recobran de acuerdo a este reporte. Cantidades reportadas y validadas de acuerdo a información enviada a Interventoría;2
50945;71;270;8.CODENSA REDES SECAS;IDU;1540;1570;1006975;NP-318;SUMINISTRO E INSTALACION DE PASOS EN ACERO F’Y=6000 #5(5/8) PARA CAJAS ENEL-CODENSA (INCLUYE RECUBRIMIENTO EPOXICO Y PINTURA).;UND;8;0;0;8;17971;143768;ORIENTAL;cl 185 b;cl 186;92086824;TRAMO 2;Ajuste y cierre de cantidades para el item de cobro NP-318 SUMINISTRO E INSTALACION DE PASOS EN ACERO Fâ€™Y=6000 #5(5/8) PARA CAJAS ENEL-CODENSA (INCLUYE RECUBRIMIENTO EPOXICO Y PINTURA).  (Anden. Incluye Base Muros Pañete Marco y Tapas).. Balance de cantidades en donde se descuentan las cantidades cobradas a la fecha y se recobran de acuerdo a este reporte. Cantidades reportadas y validadas de acuerdo a información enviada a Interventoría;2
50944;71;270;8.CODENSA REDES SECAS;IDU;2336.36;2386;1000041;NP-318;SUMINISTRO E INSTALACION DE PASOS EN ACERO F’Y=6000 #5(5/8) PARA CAJAS ENEL-CODENSA (INCLUYE RECUBRIMIENTO EPOXICO Y PINTURA).;UND;8;0;0;8;17971;143768;ORIENTAL;cl 192;cl 193;525251;TRAMO 2;Ajuste y cierre de cantidades para el item de cobro NP-318 SUMINISTRO E INSTALACION DE PASOS EN ACERO Fâ€™Y=6000 #5(5/8) PARA CAJAS ENEL-CODENSA (INCLUYE RECUBRIMIENTO EPOXICO Y PINTURA).  (Anden. Incluye Base Muros Pañete Marco y Tapas).. Balance de cantidades en donde se descuentan las cantidades cobradas a la fecha y se recobran de acuerdo a este reporte. Cantidades reportadas y validadas de acuerdo a información enviada a Interventoría;2
50943;71;270;8.CODENSA REDES SECAS;IDU;1856;1941;1000396;NP-318;SUMINISTRO E INSTALACION DE PASOS EN ACERO F’Y=6000 #5(5/8) PARA CAJAS ENEL-CODENSA (INCLUYE RECUBRIMIENTO EPOXICO Y PINTURA).;UND;12;0;0;12;17971;215652;ORIENTAL;cl 188 bis;cl 189;92086804;TRAMO 2;Ajuste y cierre de cantidades para el item de cobro NP-318 SUMINISTRO E INSTALACION DE PASOS EN ACERO Fâ€™Y=6000 #5(5/8) PARA CAJAS ENEL-CODENSA (INCLUYE RECUBRIMIENTO EPOXICO Y PINTURA).  (Anden. Incluye Base Muros Pañete Marco y Tapas).. Balance de cantidades en donde se descuentan las cantidades cobradas a la fecha y se recobran de acuerdo a este reporte. Cantidades reportadas y validadas de acuerdo a información enviada a Interventoría;2
50942;71;270;8.CODENSA REDES SECAS;IDU;1850;1856;1007358;NP-318;SUMINISTRO E INSTALACION DE PASOS EN ACERO F’Y=6000 #5(5/8) PARA CAJAS ENEL-CODENSA (INCLUYE RECUBRIMIENTO EPOXICO Y PINTURA).;UND;4;0;0;4;17971;71884;ORIENTAL;cl 188 bis;cl 189;92086815;TRAMO 2;Ajuste y cierre de cantidades para el item de cobro NP-318 SUMINISTRO E INSTALACION DE PASOS EN ACERO Fâ€™Y=6000 #5(5/8) PARA CAJAS ENEL-CODENSA (INCLUYE RECUBRIMIENTO EPOXICO Y PINTURA).  (Anden. Incluye Base Muros Pañete Marco y Tapas).. Balance de cantidades en donde se descuentan las cantidades cobradas a la fecha y se recobran de acuerdo a este reporte. Cantidades reportadas y validadas de acuerdo a información enviada a Interventoría;2
50941;71;270;8.CODENSA REDES SECAS;IDU;1822.52;1845.14;1008485;NP-318;SUMINISTRO E INSTALACION DE PASOS EN ACERO F’Y=6000 #5(5/8) PARA CAJAS ENEL-CODENSA (INCLUYE RECUBRIMIENTO EPOXICO Y PINTURA).;UND;1;0;0;1;17971;17971;ORIENTAL;cl 188;cl 188 bis;92086814;TRAMO 2;Ajuste y cierre de cantidades para el item de cobro NP-318 SUMINISTRO E INSTALACION DE PASOS EN ACERO Fâ€™Y=6000 #5(5/8) PARA CAJAS ENEL-CODENSA (INCLUYE RECUBRIMIENTO EPOXICO Y PINTURA).  (Anden. Incluye Base Muros Pañete Marco y Tapas).. Balance de cantidades en donde se descuentan las cantidades cobradas a la fecha y se recobran de acuerdo a este reporte. Cantidades reportadas y validadas de acuerdo a información enviada a Interventoría;2
50940;71;270;8.CODENSA REDES SECAS;IDU;1403.3;1492.3;1000938;NP-318;SUMINISTRO E INSTALACION DE PASOS EN ACERO F’Y=6000 #5(5/8) PARA CAJAS ENEL-CODENSA (INCLUYE RECUBRIMIENTO EPOXICO Y PINTURA).;UND;8;0;0;8;17971;143768;ORIENTAL;cl 183;cl 185 b;92086825;TRAMO 2;Ajuste y cierre de cantidades para el item de cobro NP-318 SUMINISTRO E INSTALACION DE PASOS EN ACERO Fâ€™Y=6000 #5(5/8) PARA CAJAS ENEL-CODENSA (INCLUYE RECUBRIMIENTO EPOXICO Y PINTURA).  (Anden. Incluye Base Muros Pañete Marco y Tapas).. Balance de cantidades en donde se descuentan las cantidades cobradas a la fecha y se recobran de acuerdo a este reporte. Cantidades reportadas y validadas de acuerdo a información enviada a Interventoría;2
50939;71;270;8.CODENSA REDES SECAS;IDU;1351;1403.3;1007124;NP-318;SUMINISTRO E INSTALACION DE PASOS EN ACERO F’Y=6000 #5(5/8) PARA CAJAS ENEL-CODENSA (INCLUYE RECUBRIMIENTO EPOXICO Y PINTURA).;UND;8;0;0;8;17971;143768;ORIENTAL;cl 183;cl 185 b;92086837;TRAMO 2;Ajuste y cierre de cantidades para el item de cobro NP-318 SUMINISTRO E INSTALACION DE PASOS EN ACERO Fâ€™Y=6000 #5(5/8) PARA CAJAS ENEL-CODENSA (INCLUYE RECUBRIMIENTO EPOXICO Y PINTURA).  (Anden. Incluye Base Muros Pañete Marco y Tapas).. Balance de cantidades en donde se descuentan las cantidades cobradas a la fecha y se recobran de acuerdo a este reporte. Cantidades reportadas y validadas de acuerdo a información enviada a Interventoría;2
50938;71;270;8.CODENSA REDES SECAS;IDU;1327.2;1351;1007125;NP-318;SUMINISTRO E INSTALACION DE PASOS EN ACERO F’Y=6000 #5(5/8) PARA CAJAS ENEL-CODENSA (INCLUYE RECUBRIMIENTO EPOXICO Y PINTURA).;UND;4;0;0;4;17971;71884;ORIENTAL;cl 183;cl 185 b;92086840;TRAMO 2;Ajuste y cierre de cantidades para el item de cobro NP-318 SUMINISTRO E INSTALACION DE PASOS EN ACERO Fâ€™Y=6000 #5(5/8) PARA CAJAS ENEL-CODENSA (INCLUYE RECUBRIMIENTO EPOXICO Y PINTURA).  (Anden. Incluye Base Muros Pañete Marco y Tapas).. Balance de cantidades en donde se descuentan las cantidades cobradas a la fecha y se recobran de acuerdo a este reporte. Cantidades reportadas y validadas de acuerdo a información enviada a Interventoría;2
50937;71;270;8.CODENSA REDES SECAS;IDU;2168.51;2336.36;1000131;NP-318;SUMINISTRO E INSTALACION DE PASOS EN ACERO F’Y=6000 #5(5/8) PARA CAJAS ENEL-CODENSA (INCLUYE RECUBRIMIENTO EPOXICO Y PINTURA).;UND;12;0;0;12;17971;215652;ORIENTAL;cl 191;cl 192;525263;TRAMO 2;Ajuste y cierre de cantidades para el item de cobro NP-318 SUMINISTRO E INSTALACION DE PASOS EN ACERO Fâ€™Y=6000 #5(5/8) PARA CAJAS ENEL-CODENSA (INCLUYE RECUBRIMIENTO EPOXICO Y PINTURA).  (Anden. Incluye Base Muros Pañete Marco y Tapas).. Balance de cantidades en donde se descuentan las cantidades cobradas a la fecha y se recobran de acuerdo a este reporte. Cantidades reportadas y validadas de acuerdo a información enviada a Interventoría;2
50936;71;270;8.CODENSA REDES SECAS;IDU;2167.5;2168;1000138;NP-318;SUMINISTRO E INSTALACION DE PASOS EN ACERO F’Y=6000 #5(5/8) PARA CAJAS ENEL-CODENSA (INCLUYE RECUBRIMIENTO EPOXICO Y PINTURA).;UND;4;0;0;4;17971;71884;ORIENTAL;cl 181;kr 9;7018;TRAMO 2;Ajuste y cierre de cantidades para el item de cobro NP-318 SUMINISTRO E INSTALACION DE PASOS EN ACERO Fâ€™Y=6000 #5(5/8) PARA CAJAS ENEL-CODENSA (INCLUYE RECUBRIMIENTO EPOXICO Y PINTURA).  (Anden. Incluye Base Muros Pañete Marco y Tapas).. Balance de cantidades en donde se descuentan las cantidades cobradas a la fecha y se recobran de acuerdo a este reporte. Cantidades reportadas y validadas de acuerdo a información enviada a Interventoría;2
50935;71;270;8.CODENSA REDES SECAS;IDU;1993.37;2148.5;1000259;NP-318;SUMINISTRO E INSTALACION DE PASOS EN ACERO F’Y=6000 #5(5/8) PARA CAJAS ENEL-CODENSA (INCLUYE RECUBRIMIENTO EPOXICO Y PINTURA).;UND;52;0;0;52;17971;934492;ORIENTAL;cl 189;cl 191;525254;TRAMO 2;Ajuste y cierre de cantidades para el item de cobro NP-318 SUMINISTRO E INSTALACION DE PASOS EN ACERO Fâ€™Y=6000 #5(5/8) PARA CAJAS ENEL-CODENSA (INCLUYE RECUBRIMIENTO EPOXICO Y PINTURA).  (Anden. Incluye Base Muros Pañete Marco y Tapas).. Balance de cantidades en donde se descuentan las cantidades cobradas a la fecha y se recobran de acuerdo a este reporte. Cantidades reportadas y validadas de acuerdo a información enviada a Interventoría;2
50934;71;270;8.CODENSA REDES SECAS;IDU;1949;1993.37;1006819;NP-318;SUMINISTRO E INSTALACION DE PASOS EN ACERO F’Y=6000 #5(5/8) PARA CAJAS ENEL-CODENSA (INCLUYE RECUBRIMIENTO EPOXICO Y PINTURA).;UND;16;0;0;16;17971;287536;ORIENTAL;cl 189;cl 191;92053080;TRAMO 2;Ajuste y cierre de cantidades para el item de cobro NP-318 SUMINISTRO E INSTALACION DE PASOS EN ACERO Fâ€™Y=6000 #5(5/8) PARA CAJAS ENEL-CODENSA (INCLUYE RECUBRIMIENTO EPOXICO Y PINTURA).  (Anden. Incluye Base Muros Pañete Marco y Tapas).. Balance de cantidades en donde se descuentan las cantidades cobradas a la fecha y se recobran de acuerdo a este reporte. Cantidades reportadas y validadas de acuerdo a información enviada a Interventoría;2
50932;71;270;8.CODENSA REDES SECAS;IDU;1750;1822.52;1000490;NP-318;SUMINISTRO E INSTALACION DE PASOS EN ACERO F’Y=6000 #5(5/8) PARA CAJAS ENEL-CODENSA (INCLUYE RECUBRIMIENTO EPOXICO Y PINTURA).;UND;12;0;0;12;17971;215652;ORIENTAL;cl 187 a;cl 188;92086803;TRAMO 2;Ajuste y cierre de cantidades para el item de cobro NP-318 SUMINISTRO E INSTALACION DE PASOS EN ACERO Fâ€™Y=6000 #5(5/8) PARA CAJAS ENEL-CODENSA (INCLUYE RECUBRIMIENTO EPOXICO Y PINTURA).  (Anden. Incluye Base Muros Pañete Marco y Tapas).. Balance de cantidades en donde se descuentan las cantidades cobradas a la fecha y se recobran de acuerdo a este reporte. Cantidades reportadas y validadas de acuerdo a información enviada a Interventoría;2
50931;71;270;8.CODENSA REDES SECAS;IDU;1723.14;1744.75;1006359;NP-318;SUMINISTRO E INSTALACION DE PASOS EN ACERO F’Y=6000 #5(5/8) PARA CAJAS ENEL-CODENSA (INCLUYE RECUBRIMIENTO EPOXICO Y PINTURA).;UND;8;0;0;8;17971;143768;ORIENTAL;cl 187;cl 187 a;92086813;TRAMO 2;Ajuste y cierre de cantidades para el item de cobro NP-318 SUMINISTRO E INSTALACION DE PASOS EN ACERO Fâ€™Y=6000 #5(5/8) PARA CAJAS ENEL-CODENSA (INCLUYE RECUBRIMIENTO EPOXICO Y PINTURA).  (Anden. Incluye Base Muros Pañete Marco y Tapas).. Balance de cantidades en donde se descuentan las cantidades cobradas a la fecha y se recobran de acuerdo a este reporte. Cantidades reportadas y validadas de acuerdo a información enviada a Interventoría;2
50930;71;270;8.CODENSA REDES SECAS;IDU;1621;1723.14;1008278;NP-318;SUMINISTRO E INSTALACION DE PASOS EN ACERO F’Y=6000 #5(5/8) PARA CAJAS ENEL-CODENSA (INCLUYE RECUBRIMIENTO EPOXICO Y PINTURA).;UND;12;0;0;12;17971;215652;ORIENTAL;cl 186;cl 187;92086802;TRAMO 2;Ajuste y cierre de cantidades para el item de cobro NP-318 SUMINISTRO E INSTALACION DE PASOS EN ACERO Fâ€™Y=6000 #5(5/8) PARA CAJAS ENEL-CODENSA (INCLUYE RECUBRIMIENTO EPOXICO Y PINTURA).  (Anden. Incluye Base Muros Pañete Marco y Tapas).. Balance de cantidades en donde se descuentan las cantidades cobradas a la fecha y se recobran de acuerdo a este reporte. Cantidades reportadas y validadas de acuerdo a información enviada a Interventoría;2
50929;71;270;8.CODENSA REDES SECAS;IDU;1570;1614;1000717;NP-318;SUMINISTRO E INSTALACION DE PASOS EN ACERO F’Y=6000 #5(5/8) PARA CAJAS ENEL-CODENSA (INCLUYE RECUBRIMIENTO EPOXICO Y PINTURA).;UND;8;0;0;8;17971;143768;ORIENTAL;cl 185 b;cl 186;92086822;TRAMO 2;Ajuste y cierre de cantidades para el item de cobro NP-318 SUMINISTRO E INSTALACION DE PASOS EN ACERO Fâ€™Y=6000 #5(5/8) PARA CAJAS ENEL-CODENSA (INCLUYE RECUBRIMIENTO EPOXICO Y PINTURA).  (Anden. Incluye Base Muros Pañete Marco y Tapas).. Balance de cantidades en donde se descuentan las cantidades cobradas a la fecha y se recobran de acuerdo a este reporte. Cantidades reportadas y validadas de acuerdo a información enviada a Interventoría;2
50928;71;270;8.CODENSA REDES SECAS;IDU;1492.3;1512.6;1006360;NP-318;SUMINISTRO E INSTALACION DE PASOS EN ACERO F’Y=6000 #5(5/8) PARA CAJAS ENEL-CODENSA (INCLUYE RECUBRIMIENTO EPOXICO Y PINTURA).;UND;4;0;0;4;17971;71884;ORIENTAL;cl 183;cl 185 b;92086821;TRAMO 2;Ajuste y cierre de cantidades para el item de cobro NP-318 SUMINISTRO E INSTALACION DE PASOS EN ACERO Fâ€™Y=6000 #5(5/8) PARA CAJAS ENEL-CODENSA (INCLUYE RECUBRIMIENTO EPOXICO Y PINTURA).  (Anden. Incluye Base Muros Pañete Marco y Tapas).. Balance de cantidades en donde se descuentan las cantidades cobradas a la fecha y se recobran de acuerdo a este reporte. Cantidades reportadas y validadas de acuerdo a información enviada a Interventoría;2
50927;71;270;8.CODENSA REDES SECAS;IDU;2165.03;2332.88;1000131;NP-318;SUMINISTRO E INSTALACION DE PASOS EN ACERO F’Y=6000 #5(5/8) PARA CAJAS ENEL-CODENSA (INCLUYE RECUBRIMIENTO EPOXICO Y PINTURA).;UND;24;0;0;24;17971;431304;OCCIDENTAL;cl 191;cl 192;92086812;TRAMO 2;Ajuste y cierre de cantidades para el item de cobro NP-318 SUMINISTRO E INSTALACION DE PASOS EN ACERO Fâ€™Y=6000 #5(5/8) PARA CAJAS ENEL-CODENSA (INCLUYE RECUBRIMIENTO EPOXICO Y PINTURA).  (Anden. Incluye Base Muros Pañete Marco y Tapas).. Balance de cantidades en donde se descuentan las cantidades cobradas a la fecha y se recobran de acuerdo a este reporte. Cantidades reportadas y validadas de acuerdo a información enviada a Interventoría;2
50926;71;270;8.CODENSA REDES SECAS;IDU;1990.11;2165.03;1000259;NP-318;SUMINISTRO E INSTALACION DE PASOS EN ACERO F’Y=6000 #5(5/8) PARA CAJAS ENEL-CODENSA (INCLUYE RECUBRIMIENTO EPOXICO Y PINTURA).;UND;16;0;0;16;17971;287536;OCCIDENTAL;cl 189;cl 191;92086805;TRAMO 2;Ajuste y cierre de cantidades para el item de cobro NP-318 SUMINISTRO E INSTALACION DE PASOS EN ACERO Fâ€™Y=6000 #5(5/8) PARA CAJAS ENEL-CODENSA (INCLUYE RECUBRIMIENTO EPOXICO Y PINTURA).  (Anden. Incluye Base Muros Pañete Marco y Tapas).. Balance de cantidades en donde se descuentan las cantidades cobradas a la fecha y se recobran de acuerdo a este reporte. Cantidades reportadas y validadas de acuerdo a información enviada a Interventoría;2
50925;71;270;8.CODENSA REDES SECAS;IDU;1946.13;1990.11;1006819;NP-318;SUMINISTRO E INSTALACION DE PASOS EN ACERO F’Y=6000 #5(5/8) PARA CAJAS ENEL-CODENSA (INCLUYE RECUBRIMIENTO EPOXICO Y PINTURA).;UND;8;0;0;8;17971;143768;OCCIDENTAL;cl 189;cl 191;92086834;TRAMO 2;Ajuste y cierre de cantidades para el item de cobro NP-318 SUMINISTRO E INSTALACION DE PASOS EN ACERO Fâ€™Y=6000 #5(5/8) PARA CAJAS ENEL-CODENSA (INCLUYE RECUBRIMIENTO EPOXICO Y PINTURA).  (Anden. Incluye Base Muros Pañete Marco y Tapas).. Balance de cantidades en donde se descuentan las cantidades cobradas a la fecha y se recobran de acuerdo a este reporte. Cantidades reportadas y validadas de acuerdo a información enviada a Interventoría;2
50924;71;270;8.CODENSA REDES SECAS;IDU;1844.13;1860.77;1007358;NP-318;SUMINISTRO E INSTALACION DE PASOS EN ACERO F’Y=6000 #5(5/8) PARA CAJAS ENEL-CODENSA (INCLUYE RECUBRIMIENTO EPOXICO Y PINTURA).;UND;8;0;0;8;17971;143768;OCCIDENTAL;cl 188 bis;cl 189;92086816;TRAMO 2;Ajuste y cierre de cantidades para el item de cobro NP-318 SUMINISTRO E INSTALACION DE PASOS EN ACERO Fâ€™Y=6000 #5(5/8) PARA CAJAS ENEL-CODENSA (INCLUYE RECUBRIMIENTO EPOXICO Y PINTURA).  (Anden. Incluye Base Muros Pañete Marco y Tapas).. Balance de cantidades en donde se descuentan las cantidades cobradas a la fecha y se recobran de acuerdo a este reporte. Cantidades reportadas y validadas de acuerdo a información enviada a Interventoría;2
50923;71;270;8.CODENSA REDES SECAS;IDU;1822.23;1844.13;1008485;NP-318;SUMINISTRO E INSTALACION DE PASOS EN ACERO F’Y=6000 #5(5/8) PARA CAJAS ENEL-CODENSA (INCLUYE RECUBRIMIENTO EPOXICO Y PINTURA).;UND;4;0;0;4;17971;71884;OCCIDENTAL;cl 188;cl 188 bis;92086817;TRAMO 2;Ajuste y cierre de cantidades para el item de cobro NP-318 SUMINISTRO E INSTALACION DE PASOS EN ACERO Fâ€™Y=6000 #5(5/8) PARA CAJAS ENEL-CODENSA (INCLUYE RECUBRIMIENTO EPOXICO Y PINTURA).  (Anden. Incluye Base Muros Pañete Marco y Tapas).. Balance de cantidades en donde se descuentan las cantidades cobradas a la fecha y se recobran de acuerdo a este reporte. Cantidades reportadas y validadas de acuerdo a información enviada a Interventoría;2
50922;71;270;8.CODENSA REDES SECAS;IDU;1567.28;1615.41;1000717;NP-318;SUMINISTRO E INSTALACION DE PASOS EN ACERO F’Y=6000 #5(5/8) PARA CAJAS ENEL-CODENSA (INCLUYE RECUBRIMIENTO EPOXICO Y PINTURA).;UND;4;0;0;4;17971;71884;OCCIDENTAL;cl 185 b;cl 186;92086820;TRAMO 2;Ajuste y cierre de cantidades para el item de cobro NP-318 SUMINISTRO E INSTALACION DE PASOS EN ACERO Fâ€™Y=6000 #5(5/8) PARA CAJAS ENEL-CODENSA (INCLUYE RECUBRIMIENTO EPOXICO Y PINTURA).  (Anden. Incluye Base Muros Pañete Marco y Tapas).. Balance de cantidades en donde se descuentan las cantidades cobradas a la fecha y se recobran de acuerdo a este reporte. Cantidades reportadas y validadas de acuerdo a información enviada a Interventoría;2
50921;71;270;8.CODENSA REDES SECAS;IDU;1535.87;1567.28;1006975;NP-318;SUMINISTRO E INSTALACION DE PASOS EN ACERO F’Y=6000 #5(5/8) PARA CAJAS ENEL-CODENSA (INCLUYE RECUBRIMIENTO EPOXICO Y PINTURA).;UND;8;0;0;8;17971;143768;OCCIDENTAL;cl 185 b;cl 186;92086819;TRAMO 2;Ajuste y cierre de cantidades para el item de cobro NP-318 SUMINISTRO E INSTALACION DE PASOS EN ACERO Fâ€™Y=6000 #5(5/8) PARA CAJAS ENEL-CODENSA (INCLUYE RECUBRIMIENTO EPOXICO Y PINTURA).  (Anden. Incluye Base Muros Pañete Marco y Tapas).. Balance de cantidades en donde se descuentan las cantidades cobradas a la fecha y se recobran de acuerdo a este reporte. Cantidades reportadas y validadas de acuerdo a información enviada a Interventoría;2
50920;71;270;8.CODENSA REDES SECAS;IDU;1510.83;1530;1000763;NP-318;SUMINISTRO E INSTALACION DE PASOS EN ACERO F’Y=6000 #5(5/8) PARA CAJAS ENEL-CODENSA (INCLUYE RECUBRIMIENTO EPOXICO Y PINTURA).;UND;4;0;0;4;17971;71884;OCCIDENTAL;cl 183;cl 185 b;35001073;TRAMO 2;Ajuste y cierre de cantidades para el item de cobro NP-318 SUMINISTRO E INSTALACION DE PASOS EN ACERO Fâ€™Y=6000 #5(5/8) PARA CAJAS ENEL-CODENSA (INCLUYE RECUBRIMIENTO EPOXICO Y PINTURA).  (Anden. Incluye Base Muros Pañete Marco y Tapas).. Balance de cantidades en donde se descuentan las cantidades cobradas a la fecha y se recobran de acuerdo a este reporte. Cantidades reportadas y validadas de acuerdo a información enviada a Interventoría;2
50919;71;270;8.CODENSA REDES SECAS;IDU;1497.88;1510.83;1006360;NP-318;SUMINISTRO E INSTALACION DE PASOS EN ACERO F’Y=6000 #5(5/8) PARA CAJAS ENEL-CODENSA (INCLUYE RECUBRIMIENTO EPOXICO Y PINTURA).;UND;4;0;0;4;17971;71884;OCCIDENTAL;cl 183;cl 185 b;92086827;TRAMO 2;Ajuste y cierre de cantidades para el item de cobro NP-318 SUMINISTRO E INSTALACION DE PASOS EN ACERO Fâ€™Y=6000 #5(5/8) PARA CAJAS ENEL-CODENSA (INCLUYE RECUBRIMIENTO EPOXICO Y PINTURA).  (Anden. Incluye Base Muros Pañete Marco y Tapas).. Balance de cantidades en donde se descuentan las cantidades cobradas a la fecha y se recobran de acuerdo a este reporte. Cantidades reportadas y validadas de acuerdo a información enviada a Interventoría;2
50918;71;270;8.CODENSA REDES SECAS;IDU;1744.99;1816.33;1000490;NP-318;SUMINISTRO E INSTALACION DE PASOS EN ACERO F’Y=6000 #5(5/8) PARA CAJAS ENEL-CODENSA (INCLUYE RECUBRIMIENTO EPOXICO Y PINTURA).;UND;19;0;0;19;17971;341449;OCCIDENTAL;cl 187 a;cl 188;525285;TRAMO 2;Ajuste y cierre de cantidades para el item de cobro NP-318 SUMINISTRO E INSTALACION DE PASOS EN ACERO Fâ€™Y=6000 #5(5/8) PARA CAJAS ENEL-CODENSA (INCLUYE RECUBRIMIENTO EPOXICO Y PINTURA).  (Anden. Incluye Base Muros Pañete Marco y Tapas).. Balance de cantidades en donde se descuentan las cantidades cobradas a la fecha y se recobran de acuerdo a este reporte. Cantidades reportadas y validadas de acuerdo a información enviada a Interventoría;2
50917;71;270;8.CODENSA REDES SECAS;IDU;1723.95;1744.99;1006359;NP-318;SUMINISTRO E INSTALACION DE PASOS EN ACERO F’Y=6000 #5(5/8) PARA CAJAS ENEL-CODENSA (INCLUYE RECUBRIMIENTO EPOXICO Y PINTURA).;UND;4;0;0;4;17971;71884;OCCIDENTAL;cl 187;cl 187 a;525214;TRAMO 2;Ajuste y cierre de cantidades para el item de cobro NP-318 SUMINISTRO E INSTALACION DE PASOS EN ACERO Fâ€™Y=6000 #5(5/8) PARA CAJAS ENEL-CODENSA (INCLUYE RECUBRIMIENTO EPOXICO Y PINTURA).  (Anden. Incluye Base Muros Pañete Marco y Tapas).. Balance de cantidades en donde se descuentan las cantidades cobradas a la fecha y se recobran de acuerdo a este reporte. Cantidades reportadas y validadas de acuerdo a información enviada a Interventoría;2
50916;71;270;8.CODENSA REDES SECAS;IDU;1615.41;1720.15;1008278;NP-318;SUMINISTRO E INSTALACION DE PASOS EN ACERO F’Y=6000 #5(5/8) PARA CAJAS ENEL-CODENSA (INCLUYE RECUBRIMIENTO EPOXICO Y PINTURA).;UND;12;0;0;12;17971;215652;OCCIDENTAL;cl 186;cl 187;92086806;TRAMO 2;Ajuste y cierre de cantidades para el item de cobro NP-318 SUMINISTRO E INSTALACION DE PASOS EN ACERO Fâ€™Y=6000 #5(5/8) PARA CAJAS ENEL-CODENSA (INCLUYE RECUBRIMIENTO EPOXICO Y PINTURA).  (Anden. Incluye Base Muros Pañete Marco y Tapas).. Balance de cantidades en donde se descuentan las cantidades cobradas a la fecha y se recobran de acuerdo a este reporte. Cantidades reportadas y validadas de acuerdo a información enviada a Interventoría;2
50915;71;270;8.CODENSA REDES SECAS;IDU;1401.08;1472.89;1000938;NP-318;SUMINISTRO E INSTALACION DE PASOS EN ACERO F’Y=6000 #5(5/8) PARA CAJAS ENEL-CODENSA (INCLUYE RECUBRIMIENTO EPOXICO Y PINTURA).;UND;32;0;0;32;17971;575072;OCCIDENTAL;cl 183;cl 185 b;92086828;TRAMO 2;Ajuste y cierre de cantidades para el item de cobro NP-318 SUMINISTRO E INSTALACION DE PASOS EN ACERO Fâ€™Y=6000 #5(5/8) PARA CAJAS ENEL-CODENSA (INCLUYE RECUBRIMIENTO EPOXICO Y PINTURA).  (Anden. Incluye Base Muros Pañete Marco y Tapas).. Balance de cantidades en donde se descuentan las cantidades cobradas a la fecha y se recobran de acuerdo a este reporte. Cantidades reportadas y validadas de acuerdo a información enviada a Interventoría;2
50914;71;270;8.CODENSA REDES SECAS;IDU;1349.66;1401.08;1007124;NP-318;SUMINISTRO E INSTALACION DE PASOS EN ACERO F’Y=6000 #5(5/8) PARA CAJAS ENEL-CODENSA (INCLUYE RECUBRIMIENTO EPOXICO Y PINTURA).;UND;16;0;0;16;17971;287536;OCCIDENTAL;cl 183;cl 185 b;92073775;TRAMO 2;Ajuste y cierre de cantidades para el item de cobro NP-318 SUMINISTRO E INSTALACION DE PASOS EN ACERO Fâ€™Y=6000 #5(5/8) PARA CAJAS ENEL-CODENSA (INCLUYE RECUBRIMIENTO EPOXICO Y PINTURA).  (Anden. Incluye Base Muros Pañete Marco y Tapas).. Balance de cantidades en donde se descuentan las cantidades cobradas a la fecha y se recobran de acuerdo a este reporte. Cantidades reportadas y validadas de acuerdo a información enviada a Interventoría;2
50913;71;270;8.CODENSA REDES SECAS;IDU;1325;1349.66;1007125;NP-318;SUMINISTRO E INSTALACION DE PASOS EN ACERO F’Y=6000 #5(5/8) PARA CAJAS ENEL-CODENSA (INCLUYE RECUBRIMIENTO EPOXICO Y PINTURA).;UND;4;0;0;4;17971;71884;OCCIDENTAL;cl 183;cl 185 b;92086839;TRAMO 2;Ajuste y cierre de cantidades para el item de cobro NP-318 SUMINISTRO E INSTALACION DE PASOS EN ACERO Fâ€™Y=6000 #5(5/8) PARA CAJAS ENEL-CODENSA (INCLUYE RECUBRIMIENTO EPOXICO Y PINTURA).  (Anden. Incluye Base Muros Pañete Marco y Tapas).. Balance de cantidades en donde se descuentan las cantidades cobradas a la fecha y se recobran de acuerdo a este reporte. Cantidades reportadas y validadas de acuerdo a información enviada a Interventoría;2
50911;71;270;8.CODENSA REDES SECAS;IDU;1.23;9.76;1001382;NP-318;SUMINISTRO E INSTALACION DE PASOS EN ACERO F’Y=6000 #5(5/8) PARA CAJAS ENEL-CODENSA (INCLUYE RECUBRIMIENTO EPOXICO Y PINTURA).;UND;4;0;0;4;17971;71884;OCCIDENTAL;cl 170;cl 172;91042440;TRAMO 1;Ajuste y cierre de cantidades para el item de cobro NP-318 SUMINISTRO E INSTALACION DE PASOS EN ACERO Fâ€™Y=6000 #5(5/8) PARA CAJAS ENEL-CODENSA (INCLUYE RECUBRIMIENTO EPOXICO Y PINTURA).  (Anden. Incluye Base Muros Pañete Marco y Tapas).. Balance de cantidades en donde se descuentan las cantidades cobradas a la fecha y se recobran de acuerdo a este reporte. Cantidades reportadas y validadas de acuerdo a información enviada a Interventoría;2
50910;71;270;8.CODENSA REDES SECAS;IDU;648.99;891.79;1001300;8.22.;CAJA DE INSPECCIÓN PARA ALUMBRADO PÚBLICO NORMA CODENSA CS 274  (Anden. Incluye Base, Muros, Pañete, Marco y Tapa). Medidas Externas: 0.90 x 0.90m. Medidas Internas: 0.60 x 0.60m. Altura: 0.93m.;UN;3.15;0;0;3.15;393359;1239081;OCCIDENTAL;cl 173;cl 180;92086809;TRAMO 1;"Ajuste y cierre de cantidades para el item de cobro 8.22.CAJA DE INSPECCIÓN PARA ALUMBRADO PÚBLICO NORMA CODENSA CS 274  (Anden. Incluye Base Muros Pañete Marco y Tapa). Medidas Externas: 0.90 x 0.90m. Medidas Internas: 0.60 x 0.60m. Altura: 0.93m.. Balance de cantidades en donde se descuentan las cantidades cobradas a la fecha y se recobran de acuerdo a este reporte. Cantidades reportadas y validadas de acuerdo a información enviada a Interventoría
";2
50909;71;270;8.CODENSA REDES SECAS;IDU;648.99;891.79;1001300;NP-318;SUMINISTRO E INSTALACION DE PASOS EN ACERO F’Y=6000 #5(5/8) PARA CAJAS ENEL-CODENSA (INCLUYE RECUBRIMIENTO EPOXICO Y PINTURA).;UND;28;0;0;28;17971;503188;OCCIDENTAL;cl 173;cl 180;92086809;TRAMO 1;Ajuste y cierre de cantidades para el item de cobro NP-318 SUMINISTRO E INSTALACION DE PASOS EN ACERO Fâ€™Y=6000 #5(5/8) PARA CAJAS ENEL-CODENSA (INCLUYE RECUBRIMIENTO EPOXICO Y PINTURA).  (Anden. Incluye Base Muros Pañete Marco y Tapas).. Balance de cantidades en donde se descuentan las cantidades cobradas a la fecha y se recobran de acuerdo a este reporte. Cantidades reportadas y validadas de acuerdo a información enviada a Interventoría;2
50908;71;270;8.CODENSA REDES SECAS;IDU;513.4;647;1008484;NP-318;SUMINISTRO E INSTALACION DE PASOS EN ACERO F’Y=6000 #5(5/8) PARA CAJAS ENEL-CODENSA (INCLUYE RECUBRIMIENTO EPOXICO Y PINTURA).;UND;16;0;0;16;17971;287536;OCCIDENTAL;cl 173;cl 180;92086833;TRAMO 1;Ajuste y cierre de cantidades para el item de cobro NP-318 SUMINISTRO E INSTALACION DE PASOS EN ACERO Fâ€™Y=6000 #5(5/8) PARA CAJAS ENEL-CODENSA (INCLUYE RECUBRIMIENTO EPOXICO Y PINTURA).  (Anden. Incluye Base Muros Pañete Marco y Tapas).. Balance de cantidades en donde se descuentan las cantidades cobradas a la fecha y se recobran de acuerdo a este reporte. Cantidades reportadas y validadas de acuerdo a información enviada a Interventoría;2
50907;71;270;8.CODENSA REDES SECAS;IDU;236.4;513.4;1001348;NP-318;SUMINISTRO E INSTALACION DE PASOS EN ACERO F’Y=6000 #5(5/8) PARA CAJAS ENEL-CODENSA (INCLUYE RECUBRIMIENTO EPOXICO Y PINTURA).;UND;28;0;0;28;17971;503188;OCCIDENTAL;cl 172;cl 173;92086810;TRAMO 1;Ajuste y cierre de cantidades para el item de cobro NP-318 SUMINISTRO E INSTALACION DE PASOS EN ACERO Fâ€™Y=6000 #5(5/8) PARA CAJAS ENEL-CODENSA (INCLUYE RECUBRIMIENTO EPOXICO Y PINTURA).  (Anden. Incluye Base Muros Pañete Marco y Tapas).. Balance de cantidades en donde se descuentan las cantidades cobradas a la fecha y se recobran de acuerdo a este reporte. Cantidades reportadas y validadas de acuerdo a información enviada a Interventoría;2
50906;71;270;8.CODENSA REDES SECAS;IDU;23.13;224.4;1001382;NP-318;SUMINISTRO E INSTALACION DE PASOS EN ACERO F’Y=6000 #5(5/8) PARA CAJAS ENEL-CODENSA (INCLUYE RECUBRIMIENTO EPOXICO Y PINTURA).;UND;28;0;0;28;17971;503188;OCCIDENTAL;cl 170;cl 172;92086811;TRAMO 1;"Ajuste y cierre de cantidades para el item de cobro NP-318 SUMINISTRO E INSTALACION DE PASOS EN ACERO Fâ€™Y=6000 #5(5/8) PARA CAJAS ENEL-CODENSA (INCLUYE RECUBRIMIENTO EPOXICO Y PINTURA).  (Anden. Incluye Base Muros Pañete Marco y Tapas).. Balance de cantidades en donde se descuentan las cantidades cobradas a la fecha y se recobran de acuerdo a este reporte. Cantidades reportadas y validadas de acuerdo a información enviada a Interventoría
";2
50905;71;270;8.CODENSA REDES SECAS;IDU;9.76;15.82;1001383;NP-318;SUMINISTRO E INSTALACION DE PASOS EN ACERO F’Y=6000 #5(5/8) PARA CAJAS ENEL-CODENSA (INCLUYE RECUBRIMIENTO EPOXICO Y PINTURA).;UND;4;0;0;4;17971;71884;OCCIDENTAL;cl 170;cl 172;507842;TRAMO 1;"Ajuste y cierre de cantidades para el item de cobro NP-318 SUMINISTRO E INSTALACION DE PASOS EN ACERO Fâ€™Y=6000 #5(5/8) PARA CAJAS ENEL-CODENSA (INCLUYE RECUBRIMIENTO EPOXICO Y PINTURA).  (Anden. Incluye Base Muros Pañete Marco y Tapas).. Balance de cantidades en donde se descuentan las cantidades cobradas a la fecha y se recobran de acuerdo a este reporte. Cantidades reportadas y validadas de acuerdo a información enviada a Interventoría
";2
50904;71;270;8.CODENSA REDES SECAS;IDU;1107;1145;1001082;NP-318;SUMINISTRO E INSTALACION DE PASOS EN ACERO F’Y=6000 #5(5/8) PARA CAJAS ENEL-CODENSA (INCLUYE RECUBRIMIENTO EPOXICO Y PINTURA).;UND;4;0;0;4;17971;71884;ORIENTAL;cl 181 c;cl 182;92086830;TRAMO 1;"Ajuste y cierre de cantidades para el item de cobro NP-318 SUMINISTRO E INSTALACION DE PASOS EN ACERO Fâ€™Y=6000 #5(5/8) PARA CAJAS ENEL-CODENSA (INCLUYE RECUBRIMIENTO EPOXICO Y PINTURA).  (Anden. Incluye Base Muros Pañete Marco y Tapas).. Balance de cantidades en donde se descuentan las cantidades cobradas a la fecha y se recobran de acuerdo a este reporte. Cantidades reportadas y validadas de acuerdo a información enviada a Interventoría
";2
50903;71;270;8.CODENSA REDES SECAS;IDU;970;1107;1001082;NP-318;SUMINISTRO E INSTALACION DE PASOS EN ACERO F’Y=6000 #5(5/8) PARA CAJAS ENEL-CODENSA (INCLUYE RECUBRIMIENTO EPOXICO Y PINTURA).;UND;36;0;0;36;17971;646956;ORIENTAL;cl 181;cl 181 c;92086800;TRAMO 1;"Ajuste y cierre de cantidades para el item de cobro NP-318 SUMINISTRO E INSTALACION DE PASOS EN ACERO Fâ€™Y=6000 #5(5/8) PARA CAJAS ENEL-CODENSA (INCLUYE RECUBRIMIENTO EPOXICO Y PINTURA).  (Anden. Incluye Base Muros Pañete Marco y Tapas).. Balance de cantidades en donde se descuentan las cantidades cobradas a la fecha y se recobran de acuerdo a este reporte. Cantidades reportadas y validadas de acuerdo a información enviada a Interventoría

-Movido desde Reporte 29939_03/03/26";2
50902;71;270;8.CODENSA REDES SECAS;IDU;899.5;960;1001222;NP-318;SUMINISTRO E INSTALACION DE PASOS EN ACERO F’Y=6000 #5(5/8) PARA CAJAS ENEL-CODENSA (INCLUYE RECUBRIMIENTO EPOXICO Y PINTURA).;UND;16;0;0;16;17971;287536;ORIENTAL;cl 180;cl 181;91042461;TRAMO 1;"Ajuste y cierre de cantidades para el item de cobro NP-318 SUMINISTRO E INSTALACION DE PASOS EN ACERO Fâ€™Y=6000 #5(5/8) PARA CAJAS ENEL-CODENSA (INCLUYE RECUBRIMIENTO EPOXICO Y PINTURA).  (Anden. Incluye Base Muros Pañete Marco y Tapas).. Balance de cantidades en donde se descuentan las cantidades cobradas a la fecha y se recobran de acuerdo a este reporte. Cantidades reportadas y validadas de acuerdo a información enviada a Interventoría
";2
50901;71;270;8.CODENSA REDES SECAS;IDU;650.54;896.58;1001300;NP-318;SUMINISTRO E INSTALACION DE PASOS EN ACERO F’Y=6000 #5(5/8) PARA CAJAS ENEL-CODENSA (INCLUYE RECUBRIMIENTO EPOXICO Y PINTURA).;UND;24;0;0;24;17971;431304;ORIENTAL;cl 173;cl 180;92086799;TRAMO 1;"Ajuste y cierre de cantidades para el item de cobro NP-318 SUMINISTRO E INSTALACION DE PASOS EN ACERO Fâ€™Y=6000 #5(5/8) PARA CAJAS ENEL-CODENSA (INCLUYE RECUBRIMIENTO EPOXICO Y PINTURA).  (Anden. Incluye Base Muros Pañete Marco y Tapas).. Balance de cantidades en donde se descuentan las cantidades cobradas a la fecha y se recobran de acuerdo a este reporte. Cantidades reportadas y validadas de acuerdo a información enviada a Interventoría
";2
50900;71;270;8.CODENSA REDES SECAS;IDU;520;650.54;1008484;NP-318;SUMINISTRO E INSTALACION DE PASOS EN ACERO F’Y=6000 #5(5/8) PARA CAJAS ENEL-CODENSA (INCLUYE RECUBRIMIENTO EPOXICO Y PINTURA).;UND;16;0;0;16;17971;287536;ORIENTAL;cl 173;cl 180;92086829;TRAMO 1;"Ajuste y cierre de cantidades para el item de cobro NP-318 SUMINISTRO E INSTALACION DE PASOS EN ACERO Fâ€™Y=6000 #5(5/8) PARA CAJAS ENEL-CODENSA (INCLUYE RECUBRIMIENTO EPOXICO Y PINTURA).  (Anden. Incluye Base Muros Pañete Marco y Tapas).. Balance de cantidades en donde se descuentan las cantidades cobradas a la fecha y se recobran de acuerdo a este reporte. Cantidades reportadas y validadas de acuerdo a información enviada a Interventoría
";2
50899;71;270;8.CODENSA REDES SECAS;IDU;225.96;510;1001348;NP-318;SUMINISTRO E INSTALACION DE PASOS EN ACERO F’Y=6000 #5(5/8) PARA CAJAS ENEL-CODENSA (INCLUYE RECUBRIMIENTO EPOXICO Y PINTURA).;UND;44;0;0;44;17971;790724;ORIENTAL;cl 172;cl 173;92086798;TRAMO 1;"Ajuste y cierre de cantidades para el item de cobro NP-318 SUMINISTRO E INSTALACION DE PASOS EN ACERO Fâ€™Y=6000 #5(5/8) PARA CAJAS ENEL-CODENSA (INCLUYE RECUBRIMIENTO EPOXICO Y PINTURA).  (Anden. Incluye Base Muros Pañete Marco y Tapas).. Balance de cantidades en donde se descuentan las cantidades cobradas a la fecha y se recobran de acuerdo a este reporte. Cantidades reportadas y validadas de acuerdo a información enviada a Interventoría
";2
50898;71;270;8.CODENSA REDES SECAS;IDU;20;220;1001382;NP-318;SUMINISTRO E INSTALACION DE PASOS EN ACERO F’Y=6000 #5(5/8) PARA CAJAS ENEL-CODENSA (INCLUYE RECUBRIMIENTO EPOXICO Y PINTURA).;UND;28;0;0;28;17971;503188;ORIENTAL;cl 170;cl 172;503552;TRAMO 1;"Ajuste y cierre de cantidades para el item de cobro NP-318 SUMINISTRO E INSTALACION DE PASOS EN ACERO Fâ€™Y=6000 #5(5/8) PARA CAJAS ENEL-CODENSA (INCLUYE RECUBRIMIENTO EPOXICO Y PINTURA).  (Anden. Incluye Base Muros Pañete Marco y Tapas).. Balance de cantidades en donde se descuentan las cantidades cobradas a la fecha y se recobran de acuerdo a este reporte. Cantidades reportadas y validadas de acuerdo a información enviada a Interventoría
";2
50897;71;270;8.CODENSA REDES SECAS;IDU;0;20;1001385;NP-318;SUMINISTRO E INSTALACION DE PASOS EN ACERO F’Y=6000 #5(5/8) PARA CAJAS ENEL-CODENSA (INCLUYE RECUBRIMIENTO EPOXICO Y PINTURA).;UND;8;0;0;8;17971;143768;ORIENTAL;cl 170;cl 172;507849;TRAMO 1;"Ajuste y cierre de cantidades para el item de cobro NP-318 SUMINISTRO E INSTALACION DE PASOS EN ACERO Fâ€™Y=6000 #5(5/8) PARA CAJAS ENEL-CODENSA (INCLUYE RECUBRIMIENTO EPOXICO Y PINTURA).  (Anden. Incluye Base Muros Pañete Marco y Tapas).. Balance de cantidades en donde se descuentan las cantidades cobradas a la fecha y se recobran de acuerdo a este reporte. Cantidades reportadas y validadas de acuerdo a información enviada a Interventoría
";2
50896;71;270;8.CODENSA REDES SECAS;IDU;1216.63;1301;1006372;NP-318;SUMINISTRO E INSTALACION DE PASOS EN ACERO F’Y=6000 #5(5/8) PARA CAJAS ENEL-CODENSA (INCLUYE RECUBRIMIENTO EPOXICO Y PINTURA).;UND;16;0;0;16;17971;287536;ORIENTAL;cl 182 a;cl 183;92086801;TRAMO 1;"Ajuste y cierre de cantidades para el item de cobro NP-318 SUMINISTRO E INSTALACION DE PASOS EN ACERO Fâ€™Y=6000 #5(5/8) PARA CAJAS ENEL-CODENSA (INCLUYE RECUBRIMIENTO EPOXICO Y PINTURA).  (Anden. Incluye Base Muros Pañete Marco y Tapas).. Balance de cantidades en donde se descuentan las cantidades cobradas a la fecha y se recobran de acuerdo a este reporte. Cantidades reportadas y validadas de acuerdo a información enviada a Interventoría
";2
50895;71;270;8.CODENSA REDES SECAS;IDU;1162;1216.63;1001035;NP-318;SUMINISTRO E INSTALACION DE PASOS EN ACERO F’Y=6000 #5(5/8) PARA CAJAS ENEL-CODENSA (INCLUYE RECUBRIMIENTO EPOXICO Y PINTURA).;UND;16;0;0;16;17971;287536;ORIENTAL;cl 182;cl 182 a;525267;TRAMO 1;"Ajuste y cierre de cantidades para el item de cobro NP-318 SUMINISTRO E INSTALACION DE PASOS EN ACERO Fâ€™Y=6000 #5(5/8) PARA CAJAS ENEL-CODENSA (INCLUYE RECUBRIMIENTO EPOXICO Y PINTURA).  (Anden. Incluye Base Muros Pañete Marco y Tapas).. Balance de cantidades en donde se descuentan las cantidades cobradas a la fecha y se recobran de acuerdo a este reporte. Cantidades reportadas y validadas de acuerdo a información enviada a Interventoría
";2
50894;71;270;8.CODENSA REDES SECAS;IDU;1151;1158;1001038;NP-318;SUMINISTRO E INSTALACION DE PASOS EN ACERO F’Y=6000 #5(5/8) PARA CAJAS ENEL-CODENSA (INCLUYE RECUBRIMIENTO EPOXICO Y PINTURA).;UND;4;0;0;4;17971;71884;ORIENTAL;cl 182;kr 9;600020;TRAMO 1;"Ajuste y cierre de cantidades para el item de cobro NP-318 SUMINISTRO E INSTALACION DE PASOS EN ACERO Fâ€™Y=6000 #5(5/8) PARA CAJAS ENEL-CODENSA (INCLUYE RECUBRIMIENTO EPOXICO Y PINTURA).  (Anden. Incluye Base Muros Pañete Marco y Tapas).. Balance de cantidades en donde se descuentan las cantidades cobradas a la fecha y se recobran de acuerdo a este reporte. Cantidades reportadas y validadas de acuerdo a información enviada a Interventoría
";2
50893;71;270;8.CODENSA REDES SECAS;IDU;1153.52;1214.58;1001035;NP-318;SUMINISTRO E INSTALACION DE PASOS EN ACERO F’Y=6000 #5(5/8) PARA CAJAS ENEL-CODENSA (INCLUYE RECUBRIMIENTO EPOXICO Y PINTURA).;UND;8;0;0;8;17971;143768;OCCIDENTAL;cl 182;cl 182 a;92086836;TRAMO 1;"Ajuste y cierre de cantidades para el item de cobro NP-318 SUMINISTRO E INSTALACION DE PASOS EN ACERO Fâ€™Y=6000 #5(5/8) PARA CAJAS ENEL-CODENSA (INCLUYE RECUBRIMIENTO EPOXICO Y PINTURA).  (Anden. Incluye Base Muros Pañete Marco y Tapas).. Balance de cantidades en donde se descuentan las cantidades cobradas a la fecha y se recobran de acuerdo a este reporte. Cantidades reportadas y validadas de acuerdo a información enviada a Interventoría
";2
50892;71;270;8.CODENSA REDES SECAS;IDU;1.5;225.96;1001385;NP-122;CAJA DE INSPECCIÓN DOBLE PARA CANALIZACIÓN NORMA CODENSA CS 276 ACTUALIZADA A LA NORMA CODENSA 2018  (Anden. Incluye Base, Muros, Pañete, Marco y Tapas).;UN;-1;0;0;-1;1961938;-1961938;CENTRAL;cl 170;cl 172;503550;TRAMO 1;Ajuste y cierre de cantidades para el item de cobro NP-122 CAJA DE INSPECCIÓN DOBLE PARA CANALIZACIÓN NORMA CODENSA CS 276 ACTUALIZADA A LA NORMA CODENSA 2018  (Anden. Incluye Base Muros Pañete Marco y Tapas).. Balance de cantidades en donde se descuentan las cantidades cobradas a la fecha y se recobran de acuerdo a este reporte. Cantidades reportadas y validadas de acuerdo a información enviada a Interventoría;2
50891;71;270;8.CODENSA REDES SECAS;IDU;1946.13;1990.11;1006819;NP-122;CAJA DE INSPECCIÓN DOBLE PARA CANALIZACIÓN NORMA CODENSA CS 276 ACTUALIZADA A LA NORMA CODENSA 2018  (Anden. Incluye Base, Muros, Pañete, Marco y Tapas).;UN;-1;0;0;-1;1961938;-1961938;OCCIDENTAL;cl 189;cl 191;91062411;TRAMO 2;Ajuste y cierre de cantidades para el item de cobro NP-122 CAJA DE INSPECCIÓN DOBLE PARA CANALIZACIÓN NORMA CODENSA CS 276 ACTUALIZADA A LA NORMA CODENSA 2018  (Anden. Incluye Base Muros Pañete Marco y Tapas).. Balance de cantidades en donde se descuentan las cantidades cobradas a la fecha y se recobran de acuerdo a este reporte. Cantidades reportadas y validadas de acuerdo a información enviada a Interventoría;2
50890;71;270;8.CODENSA REDES SECAS;IDU;1748.27;1822.82;1000490;NP-122;CAJA DE INSPECCIÓN DOBLE PARA CANALIZACIÓN NORMA CODENSA CS 276 ACTUALIZADA A LA NORMA CODENSA 2018  (Anden. Incluye Base, Muros, Pañete, Marco y Tapas).;UN;-0.7;0;0;-0.7;1961938;-1373357;ORIENTAL;cl 187 a;cl 188;91062387;TRAMO 2;Ajuste y cierre de cantidades para el item de cobro NP-122 CAJA DE INSPECCIÓN DOBLE PARA CANALIZACIÓN NORMA CODENSA CS 276 ACTUALIZADA A LA NORMA CODENSA 2018  (Anden. Incluye Base Muros Pañete Marco y Tapas).. Balance de cantidades en donde se descuentan las cantidades cobradas a la fecha y se recobran de acuerdo a este reporte. Cantidades reportadas y validadas de acuerdo a información enviada a Interventoría;2
50889;71;270;8.CODENSA REDES SECAS;IDU;2348.01;2392.16;1000041;NP-400;CONSTRUCCION DE CAJA DE INSPECCION DOBLE PARA CANALIZACION DE M.T. Y B.T. TIPO CS 276 CON TAPA PARA TRAFICO VEHICULAR (INCLUYE CONCRETO DE BASE, MURO DE ESPESOR 0.25M, PAÑETE, CONCRETO PARA VIGA DE SOPORTE DE MARCO Y MARCO Y TAPA. NO INCLUYE TUBERÍA). MEDIDAS EXTERNAS: 1.69 X 1.99M. MEDIDAS INTERNAS: 1.19 X 1.49M. ALTURA TOTAL: 1.85M;UND;-2;0;0;-2;2453119;-4906238;ORIENTAL;cl 192;cl 193;525250;TRAMO 2;"Ajuste y cierre de cantidades para el item de cobro NP-400 CONSTRUCCION DE CAJA DE INSPECCION DOBLE PARA CANALIZACION DE M.T. Y B.T. TIPO CS 276 CON TAPA PARA TRAFICO VEHICULAR (INCLUYE CONCRETO DE BASE MURO DE ESPESOR 0.25M PAÑETE CONCRETO PARA VIGA DE SOPORTE DE MARCO Y MARCO Y TAPA. NO INCLUYE TUBERÍA). MEDIDAS EXTERNAS: 1.69 X 1.99M. MEDIDAS INTERNAS: 1.19 X 1.49M. ALTURA TOTAL: 1.85M. Balance de cantidades en donde se descuentan las cantidades cobradas a la fecha y se recobran de acuerdo a este reporte. Cantidades reportadas y validadas de acuerdo a información enviada a Interventoría
";2
50888;71;270;8.CODENSA REDES SECAS;IDU;2348.01;2392.16;1000041;NP-122;CAJA DE INSPECCIÓN DOBLE PARA CANALIZACIÓN NORMA CODENSA CS 276 ACTUALIZADA A LA NORMA CODENSA 2018  (Anden. Incluye Base, Muros, Pañete, Marco y Tapas).;UN;-0.8;0;0;-0.8;1961938;-1569550;ORIENTAL;cl 192;cl 193;525250;TRAMO 2;Ajuste y cierre de cantidades para el item de cobro NP-122 CAJA DE INSPECCIÓN DOBLE PARA CANALIZACIÓN NORMA CODENSA CS 276 ACTUALIZADA A LA NORMA CODENSA 2018  (Anden. Incluye Base Muros Pañete Marco y Tapas).. Balance de cantidades en donde se descuentan las cantidades cobradas a la fecha y se recobran de acuerdo a este reporte. Cantidades reportadas y validadas de acuerdo a información enviada a Interventoría;2
50887;71;270;8.CODENSA REDES SECAS;IDU;1567.28;1615.41;1000717;NP-122;CAJA DE INSPECCIÓN DOBLE PARA CANALIZACIÓN NORMA CODENSA CS 276 ACTUALIZADA A LA NORMA CODENSA 2018  (Anden. Incluye Base, Muros, Pañete, Marco y Tapas).;UN;-3;0;0;-3;1961938;-5885814;OCCIDENTAL;cl 185 b;cl 186;525259;TRAMO 2;Ajuste y cierre de cantidades para el item de cobro NP-122 CAJA DE INSPECCIÓN DOBLE PARA CANALIZACIÓN NORMA CODENSA CS 276 ACTUALIZADA A LA NORMA CODENSA 2018  (Anden. Incluye Base Muros Pañete Marco y Tapas).. Balance de cantidades en donde se descuentan las cantidades cobradas a la fecha y se recobran de acuerdo a este reporte. Cantidades reportadas y validadas de acuerdo a información enviada a Interventoría;2
50886;71;270;8.CODENSA REDES SECAS;IDU;1155.58;1216.63;1001035;NP-122;CAJA DE INSPECCIÓN DOBLE PARA CANALIZACIÓN NORMA CODENSA CS 276 ACTUALIZADA A LA NORMA CODENSA 2018  (Anden. Incluye Base, Muros, Pañete, Marco y Tapas).;UN;-2.5;0;0;-2.5;1961938;-4904845;ORIENTAL;cl 182;cl 182 a;525268;TRAMO 1;Ajuste y cierre de cantidades para el item de cobro NP-122 CAJA DE INSPECCIÓN DOBLE PARA CANALIZACIÓN NORMA CODENSA CS 276 ACTUALIZADA A LA NORMA CODENSA 2018  (Anden. Incluye Base Muros Pañete Marco y Tapas).. Balance de cantidades en donde se descuentan las cantidades cobradas a la fecha y se recobran de acuerdo a este reporte. Cantidades reportadas y validadas de acuerdo a información enviada a Interventoría;2
50885;71;270;8.CODENSA REDES SECAS;IDU;1994.02;2169.2;1000259;NP-122;CAJA DE INSPECCIÓN DOBLE PARA CANALIZACIÓN NORMA CODENSA CS 276 ACTUALIZADA A LA NORMA CODENSA 2018  (Anden. Incluye Base, Muros, Pañete, Marco y Tapas).;UN;-2.2;0;0;-2.2;1961938;-4316264;ORIENTAL;cl 189;cl 191;525253;TRAMO 2;Ajuste y cierre de cantidades para el item de cobro NP-122 CAJA DE INSPECCIÓN DOBLE PARA CANALIZACIÓN NORMA CODENSA CS 276 ACTUALIZADA A LA NORMA CODENSA 2018  (Anden. Incluye Base Muros Pañete Marco y Tapas).. Balance de cantidades en donde se descuentan las cantidades cobradas a la fecha y se recobran de acuerdo a este reporte. Cantidades reportadas y validadas de acuerdo a información enviada a Interventoría;2
50884;71;270;8.CODENSA REDES SECAS;IDU;1510.83;1538.4;1000763;NP-122;CAJA DE INSPECCIÓN DOBLE PARA CANALIZACIÓN NORMA CODENSA CS 276 ACTUALIZADA A LA NORMA CODENSA 2018  (Anden. Incluye Base, Muros, Pañete, Marco y Tapas).;UN;-0.5;0;0;-0.5;1961938;-980969;OCCIDENTAL;cl 183;cl 185 b;525237;TRAMO 2;Ajuste y cierre de cantidades para el item de cobro NP-122 CAJA DE INSPECCIÓN DOBLE PARA CANALIZACIÓN NORMA CODENSA CS 276 ACTUALIZADA A LA NORMA CODENSA 2018  (Anden. Incluye Base Muros Pañete Marco y Tapas).. Balance de cantidades en donde se descuentan las cantidades cobradas a la fecha y se recobran de acuerdo a este reporte. Cantidades reportadas y validadas de acuerdo a información enviada a Interventoría;2
50883;71;270;8.CODENSA REDES SECAS;IDU;1538.4;1567.28;1006975;NP-122;CAJA DE INSPECCIÓN DOBLE PARA CANALIZACIÓN NORMA CODENSA CS 276 ACTUALIZADA A LA NORMA CODENSA 2018  (Anden. Incluye Base, Muros, Pañete, Marco y Tapas).;UN;-1.5;0;0;-1.5;1961938;-2942907;OCCIDENTAL;cl 185 b;cl 186;91020479;TRAMO 2;Ajuste y cierre de cantidades para el item de cobro NP-122 CAJA DE INSPECCIÓN DOBLE PARA CANALIZACIÓN NORMA CODENSA CS 276 ACTUALIZADA A LA NORMA CODENSA 2018  (Anden. Incluye Base Muros Pañete Marco y Tapas).. Balance de cantidades en donde se descuentan las cantidades cobradas a la fecha y se recobran de acuerdo a este reporte. Cantidades reportadas y validadas de acuerdo a información enviada a Interventoría;2
50882;71;270;8.CODENSA REDES SECAS;IDU;1490.64;1510.83;1006360;NP-122;CAJA DE INSPECCIÓN DOBLE PARA CANALIZACIÓN NORMA CODENSA CS 276 ACTUALIZADA A LA NORMA CODENSA 2018  (Anden. Incluye Base, Muros, Pañete, Marco y Tapas).;UN;-0.5;0;0;-0.5;1961938;-980969;OCCIDENTAL;cl 183;cl 185 b;525218;TRAMO 2;Ajuste y cierre de cantidades para el item de cobro NP-122 CAJA DE INSPECCIÓN DOBLE PARA CANALIZACIÓN NORMA CODENSA CS 276 ACTUALIZADA A LA NORMA CODENSA 2018  (Anden. Incluye Base Muros Pañete Marco y Tapas).. Balance de cantidades en donde se descuentan las cantidades cobradas a la fecha y se recobran de acuerdo a este reporte. Cantidades reportadas y validadas de acuerdo a información enviada a Interventoría;2
50881;71;270;8.CODENSA REDES SECAS;IDU;1401.08;1490.64;1000938;NP-122;CAJA DE INSPECCIÓN DOBLE PARA CANALIZACIÓN NORMA CODENSA CS 276 ACTUALIZADA A LA NORMA CODENSA 2018  (Anden. Incluye Base, Muros, Pañete, Marco y Tapas).;UN;-6;0;0;-6;1961938;-11771628;OCCIDENTAL;cl 183;cl 185 b;525265;TRAMO 2;Ajuste y cierre de cantidades para el item de cobro NP-122 CAJA DE INSPECCIÓN DOBLE PARA CANALIZACIÓN NORMA CODENSA CS 276 ACTUALIZADA A LA NORMA CODENSA 2018  (Anden. Incluye Base Muros Pañete Marco y Tapas).. Balance de cantidades en donde se descuentan las cantidades cobradas a la fecha y se recobran de acuerdo a este reporte. Cantidades reportadas y validadas de acuerdo a información enviada a Interventoría;2
50880;71;270;8.CODENSA REDES SECAS;IDU;1349.66;1401.08;1007124;NP-122;CAJA DE INSPECCIÓN DOBLE PARA CANALIZACIÓN NORMA CODENSA CS 276 ACTUALIZADA A LA NORMA CODENSA 2018  (Anden. Incluye Base, Muros, Pañete, Marco y Tapas).;UN;-4;0;0;-4;1961938;-7847752;OCCIDENTAL;cl 183;cl 185 b;91019261;TRAMO 2;Ajuste y cierre de cantidades para el item de cobro NP-122 CAJA DE INSPECCIÓN DOBLE PARA CANALIZACIÓN NORMA CODENSA CS 276 ACTUALIZADA A LA NORMA CODENSA 2018  (Anden. Incluye Base Muros Pañete Marco y Tapas).. Balance de cantidades en donde se descuentan las cantidades cobradas a la fecha y se recobran de acuerdo a este reporte. Cantidades reportadas y validadas de acuerdo a información enviada a Interventoría;2
50878;71;270;8.CODENSA REDES SECAS;IDU;2165.03;2342.88;1000131;NP-122;CAJA DE INSPECCIÓN DOBLE PARA CANALIZACIÓN NORMA CODENSA CS 276 ACTUALIZADA A LA NORMA CODENSA 2018  (Anden. Incluye Base, Muros, Pañete, Marco y Tapas).;UN;-1;0;0;-1;1961938;-1961938;OCCIDENTAL;cl 191;cl 192;91062379;TRAMO 2;Ajuste y cierre de cantidades para el item de cobro NP-122 CAJA DE INSPECCIÓN DOBLE PARA CANALIZACIÓN NORMA CODENSA CS 276 ACTUALIZADA A LA NORMA CODENSA 2018  (Anden. Incluye Base Muros Pañete Marco y Tapas).. Balance de cantidades en donde se descuentan las cantidades cobradas a la fecha y se recobran de acuerdo a este reporte. Cantidades reportadas y validadas de acuerdo a información enviada a Interventoría;2
50877;71;270;8.CODENSA REDES SECAS;IDU;224.4;513.4;1001348;NP-122;CAJA DE INSPECCIÓN DOBLE PARA CANALIZACIÓN NORMA CODENSA CS 276 ACTUALIZADA A LA NORMA CODENSA 2018  (Anden. Incluye Base, Muros, Pañete, Marco y Tapas).;UN;-9;0;0;-9;1961938;-17657442;OCCIDENTAL;cl 172;cl 173;503554;TRAMO 1;Ajuste y cierre de cantidades para el item de cobro NP-122 CAJA DE INSPECCIÓN DOBLE PARA CANALIZACIÓN NORMA CODENSA CS 276 ACTUALIZADA A LA NORMA CODENSA 2018  (Anden. Incluye Base Muros Pañete Marco y Tapas).. Balance de cantidades en donde se descuentan las cantidades cobradas a la fecha y se recobran de acuerdo a este reporte. Cantidades reportadas y validadas de acuerdo a información enviada a Interventoría;2
50876;71;270;8.CODENSA REDES SECAS;IDU;650.54;895;1001300;NP-122;CAJA DE INSPECCIÓN DOBLE PARA CANALIZACIÓN NORMA CODENSA CS 276 ACTUALIZADA A LA NORMA CODENSA 2018  (Anden. Incluye Base, Muros, Pañete, Marco y Tapas).;UN;-6.5;0;0;-6.5;1961938;-12752597;ORIENTAL;cl 173;cl 180;91062401;TRAMO 1;Ajuste y cierre de cantidades para el item de cobro NP-122 CAJA DE INSPECCIÓN DOBLE PARA CANALIZACIÓN NORMA CODENSA CS 276 ACTUALIZADA A LA NORMA CODENSA 2018  (Anden. Incluye Base Muros Pañete Marco y Tapas).. Balance de cantidades en donde se descuentan las cantidades cobradas a la fecha y se recobran de acuerdo a este reporte. Cantidades reportadas y validadas de acuerdo a información enviada a Interventoría;2
50875;71;270;8.CODENSA REDES SECAS;IDU;648.99;894.93;1001300;NP-122;CAJA DE INSPECCIÓN DOBLE PARA CANALIZACIÓN NORMA CODENSA CS 276 ACTUALIZADA A LA NORMA CODENSA 2018  (Anden. Incluye Base, Muros, Pañete, Marco y Tapas).;UN;-6;0;0;-6;1961938;-11771628;OCCIDENTAL;cl 173;cl 180;91062408;TRAMO 1;Ajuste y cierre de cantidades para el item de cobro NP-122 CAJA DE INSPECCIÓN DOBLE PARA CANALIZACIÓN NORMA CODENSA CS 276 ACTUALIZADA A LA NORMA CODENSA 2018  (Anden. Incluye Base Muros Pañete Marco y Tapas).. Balance de cantidades en donde se descuentan las cantidades cobradas a la fecha y se recobran de acuerdo a este reporte. Cantidades reportadas y validadas de acuerdo a información enviada a Interventoría;2
50874;71;270;8.CODENSA REDES SECAS;IDU;1.23;224.4;1001382;NP-122;CAJA DE INSPECCIÓN DOBLE PARA CANALIZACIÓN NORMA CODENSA CS 276 ACTUALIZADA A LA NORMA CODENSA 2018  (Anden. Incluye Base, Muros, Pañete, Marco y Tapas).;UN;-8;0;0;-8;1961938;-15695504;OCCIDENTAL;cl 170;cl 172;503549;TRAMO 1;Ajuste y cierre de cantidades para el item de cobro NP-122 CAJA DE INSPECCIÓN DOBLE PARA CANALIZACIÓN NORMA CODENSA CS 276 ACTUALIZADA A LA NORMA CODENSA 2018  (Anden. Incluye Base Muros Pañete Marco y Tapas).. Balance de cantidades en donde se descuentan las cantidades cobradas a la fecha y se recobran de acuerdo a este reporte. Cantidades reportadas y validadas de acuerdo a información enviada a Interventoría;2
50873;71;270;8.CODENSA REDES SECAS;IDU;1216.63;1312.95;1006372;NP-122;CAJA DE INSPECCIÓN DOBLE PARA CANALIZACIÓN NORMA CODENSA CS 276 ACTUALIZADA A LA NORMA CODENSA 2018  (Anden. Incluye Base, Muros, Pañete, Marco y Tapas).;UN;-4;0;0;-4;1961938;-7847752;ORIENTAL;cl 182 a;cl 183;606394;TRAMO 1;Ajuste y cierre de cantidades para el item de cobro NP-122 CAJA DE INSPECCIÓN DOBLE PARA CANALIZACIÓN NORMA CODENSA CS 276 ACTUALIZADA A LA NORMA CODENSA 2018  (Anden. Incluye Base Muros Pañete Marco y Tapas).. Balance de cantidades en donde se descuentan las cantidades cobradas a la fecha y se recobran de acuerdo a este reporte. Cantidades reportadas y validadas de acuerdo a información enviada a Interventoría;2
50872;71;270;8.CODENSA REDES SECAS;IDU;1990.11;2165.03;1000259;NP-122;CAJA DE INSPECCIÓN DOBLE PARA CANALIZACIÓN NORMA CODENSA CS 276 ACTUALIZADA A LA NORMA CODENSA 2018  (Anden. Incluye Base, Muros, Pañete, Marco y Tapas).;UN;-6;0;0;-6;1961938;-11771628;OCCIDENTAL;cl 189;cl 191;91062393;TRAMO 2;Ajuste y cierre de cantidades para el item de cobro NP-122 CAJA DE INSPECCIÓN DOBLE PARA CANALIZACIÓN NORMA CODENSA CS 276 ACTUALIZADA A LA NORMA CODENSA 2018  (Anden. Incluye Base Muros Pañete Marco y Tapas).. Balance de cantidades en donde se descuentan las cantidades cobradas a la fecha y se recobran de acuerdo a este reporte. Cantidades reportadas y validadas de acuerdo a información enviada a Interventoría;2
50871;71;270;8.CODENSA REDES SECAS;IDU;-35.86;-27.46;1001385;NP-122;CAJA DE INSPECCIÓN DOBLE PARA CANALIZACIÓN NORMA CODENSA CS 276 ACTUALIZADA A LA NORMA CODENSA 2018  (Anden. Incluye Base, Muros, Pañete, Marco y Tapas).;UN;-1.5;0;0;-1.5;1961938;-2942907;ORIENTAL;kr 9;cl 170;507844;TRAMO 1;Ajuste y cierre de cantidades para el item de cobro NP-122 CAJA DE INSPECCIÓN DOBLE PARA CANALIZACIÓN NORMA CODENSA CS 276 ACTUALIZADA A LA NORMA CODENSA 2018  (Anden. Incluye Base Muros Pañete Marco y Tapas).. Balance de cantidades en donde se descuentan las cantidades cobradas a la fecha y se recobran de acuerdo a este reporte. Cantidades reportadas y validadas de acuerdo a información enviada a Interventoría;2
50869;71;270;8.CODENSA REDES SECAS;IDU;894.93;962.04;1001222;NP-122;CAJA DE INSPECCIÓN DOBLE PARA CANALIZACIÓN NORMA CODENSA CS 276 ACTUALIZADA A LA NORMA CODENSA 2018  (Anden. Incluye Base, Muros, Pañete, Marco y Tapas).;UN;-0.5;0;0;-0.5;1961938;-980969;OCCIDENTAL;cl 180;cl 181;91062404;TRAMO 1;Ajuste y cierre de cantidades para el item de cobro NP-122 CAJA DE INSPECCIÓN DOBLE PARA CANALIZACIÓN NORMA CODENSA CS 276 ACTUALIZADA A LA NORMA CODENSA 2018  (Anden. Incluye Base Muros Pañete Marco y Tapas).. Balance de cantidades en donde se descuentan las cantidades cobradas a la fecha y se recobran de acuerdo a este reporte. Cantidades reportadas y validadas de acuerdo a información enviada a Interventoría;2
50868;71;270;8.CODENSA REDES SECAS;IDU;962.04;1114.97;1001082;NP-122;CAJA DE INSPECCIÓN DOBLE PARA CANALIZACIÓN NORMA CODENSA CS 276 ACTUALIZADA A LA NORMA CODENSA 2018  (Anden. Incluye Base, Muros, Pañete, Marco y Tapas).;UN;-5;0;0;-5;1961938;-9809690;OCCIDENTAL;cl 181;cl 181 c;91062406;TRAMO 1;Ajuste y cierre de cantidades para el item de cobro NP-122 CAJA DE INSPECCIÓN DOBLE PARA CANALIZACIÓN NORMA CODENSA CS 276 ACTUALIZADA A LA NORMA CODENSA 2018  (Anden. Incluye Base Muros Pañete Marco y Tapas).. Balance de cantidades en donde se descuentan las cantidades cobradas a la fecha y se recobran de acuerdo a este reporte. Cantidades reportadas y validadas de acuerdo a información enviada a Interventoría;2
50867;71;270;8.CODENSA REDES SECAS;IDU;1618.48;1723.47;1008278;NP-122;CAJA DE INSPECCIÓN DOBLE PARA CANALIZACIÓN NORMA CODENSA CS 276 ACTUALIZADA A LA NORMA CODENSA 2018  (Anden. Incluye Base, Muros, Pañete, Marco y Tapas).;UN;-0.5;0;0;-0.5;1961938;-980969;ORIENTAL;cl 186;cl 187;91062390;TRAMO 2;Ajuste y cierre de cantidades para el item de cobro NP-122 CAJA DE INSPECCIÓN DOBLE PARA CANALIZACIÓN NORMA CODENSA CS 276 ACTUALIZADA A LA NORMA CODENSA 2018  (Anden. Incluye Base Muros Pañete Marco y Tapas).. Balance de cantidades en donde se descuentan las cantidades cobradas a la fecha y se recobran de acuerdo a este reporte. Cantidades reportadas y validadas de acuerdo a información enviada a Interventoría;2
50866;71;270;8.CODENSA REDES SECAS;IDU;1214.58;1310.9;1006372;NP-122;CAJA DE INSPECCIÓN DOBLE PARA CANALIZACIÓN NORMA CODENSA CS 276 ACTUALIZADA A LA NORMA CODENSA 2018  (Anden. Incluye Base, Muros, Pañete, Marco y Tapas).;UN;-0.55;0;0;-0.55;1961938;-1079066;OCCIDENTAL;cl 182 a;cl 183;91062407;TRAMO 1;Ajuste y cierre de cantidades para el item de cobro NP-122 CAJA DE INSPECCIÓN DOBLE PARA CANALIZACIÓN NORMA CODENSA CS 276 ACTUALIZADA A LA NORMA CODENSA 2018  (Anden. Incluye Base Muros Pañete Marco y Tapas).. Balance de cantidades en donde se descuentan las cantidades cobradas a la fecha y se recobran de acuerdo a este reporte. Cantidades reportadas y validadas de acuerdo a información enviada a Interventoría;2
50865;71;270;8.CODENSA REDES SECAS;IDU;1153.52;1214.58;1001035;NP-122;CAJA DE INSPECCIÓN DOBLE PARA CANALIZACIÓN NORMA CODENSA CS 276 ACTUALIZADA A LA NORMA CODENSA 2018  (Anden. Incluye Base, Muros, Pañete, Marco y Tapas).;UN;-1.5;0;0;-1.5;1961938;-2942907;OCCIDENTAL;cl 182;cl 182 a;91062414;TRAMO 1;Ajuste y cierre de cantidades para el item de cobro NP-122 CAJA DE INSPECCIÓN DOBLE PARA CANALIZACIÓN NORMA CODENSA CS 276 ACTUALIZADA A LA NORMA CODENSA 2018  (Anden. Incluye Base Muros Pañete Marco y Tapas).. Balance de cantidades en donde se descuentan las cantidades cobradas a la fecha y se recobran de acuerdo a este reporte. Cantidades reportadas y validadas de acuerdo a información enviada a Interventoría;2
50864;71;270;8.CODENSA REDES SECAS;IDU;1114.97;1153.52;1001082;NP-122;CAJA DE INSPECCIÓN DOBLE PARA CANALIZACIÓN NORMA CODENSA CS 276 ACTUALIZADA A LA NORMA CODENSA 2018  (Anden. Incluye Base, Muros, Pañete, Marco y Tapas).;UN;-1.5;0;0;-1.5;1961938;-2942907;OCCIDENTAL;cl 181 c;cl 182;91062403;TRAMO 1;Ajuste y cierre de cantidades para el item de cobro NP-122 CAJA DE INSPECCIÓN DOBLE PARA CANALIZACIÓN NORMA CODENSA CS 276 ACTUALIZADA A LA NORMA CODENSA 2018  (Anden. Incluye Base Muros Pañete Marco y Tapas).. Balance de cantidades en donde se descuentan las cantidades cobradas a la fecha y se recobran de acuerdo a este reporte. Cantidades reportadas y validadas de acuerdo a información enviada a Interventoría;2
50863;71;270;8.CODENSA REDES SECAS;IDU;963.8;1107.05;1001082;NP-122;CAJA DE INSPECCIÓN DOBLE PARA CANALIZACIÓN NORMA CODENSA CS 276 ACTUALIZADA A LA NORMA CODENSA 2018  (Anden. Incluye Base, Muros, Pañete, Marco y Tapas).;UN;-3.5;0;0;-3.5;1961938;-6866783;ORIENTAL;cl 181;cl 181 c;91062400;TRAMO 1;Ajuste y cierre de cantidades para el item de cobro NP-122 CAJA DE INSPECCIÓN DOBLE PARA CANALIZACIÓN NORMA CODENSA CS 276 ACTUALIZADA A LA NORMA CODENSA 2018  (Anden. Incluye Base Muros Pañete Marco y Tapas).. Balance de cantidades en donde se descuentan las cantidades cobradas a la fecha y se recobran de acuerdo a este reporte. Cantidades reportadas y validadas de acuerdo a información enviada a Interventoría;2
50862;71;270;8.CODENSA REDES SECAS;IDU;1107.05;1155.58;1001082;NP-122;CAJA DE INSPECCIÓN DOBLE PARA CANALIZACIÓN NORMA CODENSA CS 276 ACTUALIZADA A LA NORMA CODENSA 2018  (Anden. Incluye Base, Muros, Pañete, Marco y Tapas).;UN;-1;0;0;-1;1961938;-1961938;ORIENTAL;cl 181 c;cl 182;91062397;TRAMO 1;Ajuste y cierre de cantidades para el item de cobro NP-122 CAJA DE INSPECCIÓN DOBLE PARA CANALIZACIÓN NORMA CODENSA CS 276 ACTUALIZADA A LA NORMA CODENSA 2018  (Anden. Incluye Base Muros Pañete Marco y Tapas).. Balance de cantidades en donde se descuentan las cantidades cobradas a la fecha y se recobran de acuerdo a este reporte. Cantidades reportadas y validadas de acuerdo a información enviada a Interventoría;2
50861;71;270;8.CODENSA REDES SECAS;IDU;1570.3;1618.48;1000717;NP-122;CAJA DE INSPECCIÓN DOBLE PARA CANALIZACIÓN NORMA CODENSA CS 276 ACTUALIZADA A LA NORMA CODENSA 2018  (Anden. Incluye Base, Muros, Pañete, Marco y Tapas).;UN;-3.5;0;0;-3.5;1961938;-6866783;ORIENTAL;cl 185 b;cl 186;91062386;TRAMO 2;Ajuste y cierre de cantidades para el item de cobro NP-122 CAJA DE INSPECCIÓN DOBLE PARA CANALIZACIÓN NORMA CODENSA CS 276 ACTUALIZADA A LA NORMA CODENSA 2018  (Anden. Incluye Base Muros Pañete Marco y Tapas).. Balance de cantidades en donde se descuentan las cantidades cobradas a la fecha y se recobran de acuerdo a este reporte. Cantidades reportadas y validadas de acuerdo a información enviada a Interventoría;2
50860;71;270;8.CODENSA REDES SECAS;IDU;514.96;650.54;1008484;NP-122;CAJA DE INSPECCIÓN DOBLE PARA CANALIZACIÓN NORMA CODENSA CS 276 ACTUALIZADA A LA NORMA CODENSA 2018  (Anden. Incluye Base, Muros, Pañete, Marco y Tapas).;UN;-1;0;0;-1;1961938;-1961938;ORIENTAL;cl 173;cl 180;91062399;TRAMO 1;Ajuste y cierre de cantidades para el item de cobro NP-122 CAJA DE INSPECCIÓN DOBLE PARA CANALIZACIÓN NORMA CODENSA CS 276 ACTUALIZADA A LA NORMA CODENSA 2018  (Anden. Incluye Base Muros Pañete Marco y Tapas).. Balance de cantidades en donde se descuentan las cantidades cobradas a la fecha y se recobran de acuerdo a este reporte. Cantidades reportadas y validadas de acuerdo a información enviada a Interventoría;2
50859;71;270;8.CODENSA REDES SECAS;IDU;225.96;514.96;1001348;NP-122;CAJA DE INSPECCIÓN DOBLE PARA CANALIZACIÓN NORMA CODENSA CS 276 ACTUALIZADA A LA NORMA CODENSA 2018  (Anden. Incluye Base, Muros, Pañete, Marco y Tapas).;UN;-7;0;0;-7;1961938;-13733566;ORIENTAL;cl 172;cl 173;91062402;TRAMO 1;Ajuste y cierre de cantidades para el item de cobro NP-122 CAJA DE INSPECCIÓN DOBLE PARA CANALIZACIÓN NORMA CODENSA CS 276 ACTUALIZADA A LA NORMA CODENSA 2018  (Anden. Incluye Base Muros Pañete Marco y Tapas).. Balance de cantidades en donde se descuentan las cantidades cobradas a la fecha y se recobran de acuerdo a este reporte. Cantidades reportadas y validadas de acuerdo a información enviada a Interventoría;2
50858;71;270;8.CODENSA REDES SECAS;IDU;1.5;225.96;1001382;NP-122;CAJA DE INSPECCIÓN DOBLE PARA CANALIZACIÓN NORMA CODENSA CS 276 ACTUALIZADA A LA NORMA CODENSA 2018  (Anden. Incluye Base, Muros, Pañete, Marco y Tapas).;UN;-9;0;0;-9;1961938;-17657442;ORIENTAL;cl 170;cl 172;503551;TRAMO 1;Ajuste y cierre de cantidades para el item de cobro NP-122 CAJA DE INSPECCIÓN DOBLE PARA CANALIZACIÓN NORMA CODENSA CS 276 ACTUALIZADA A LA NORMA CODENSA 2018  (Anden. Incluye Base Muros Pañete Marco y Tapas).. Balance de cantidades en donde se descuentan las cantidades cobradas a la fecha y se recobran de acuerdo a este reporte. Cantidades reportadas y validadas de acuerdo a información enviada a Interventoría;2
50857;71;270;8.CODENSA REDES SECAS;IDU;1540;1570;1006975;NP-122;CAJA DE INSPECCIÓN DOBLE PARA CANALIZACIÓN NORMA CODENSA CS 276 ACTUALIZADA A LA NORMA CODENSA 2018  (Anden. Incluye Base, Muros, Pañete, Marco y Tapas).;UN;1;0;0;1;1961938;1961938;ORIENTAL;cl 185 b;cl 186;92086824;TRAMO 2;Ajuste y cierre de cantidades para el item de cobro NP-122 CAJA DE INSPECCIÓN DOBLE PARA CANALIZACIÓN NORMA CODENSA CS 276 ACTUALIZADA A LA NORMA CODENSA 2018  (Anden. Incluye Base Muros Pañete Marco y Tapas).. Balance de cantidades en donde se descuentan las cantidades cobradas a la fecha y se recobran de acuerdo a este reporte. Cantidades reportadas y validadas de acuerdo a información enviada a Interventoría;2
50856;71;270;8.CODENSA REDES SECAS;IDU;2336.36;2386;1000041;NP-122;CAJA DE INSPECCIÓN DOBLE PARA CANALIZACIÓN NORMA CODENSA CS 276 ACTUALIZADA A LA NORMA CODENSA 2018  (Anden. Incluye Base, Muros, Pañete, Marco y Tapas).;UN;2;0;0;2;1961938;3923876;ORIENTAL;cl 192;cl 193;525251;TRAMO 2;Ajuste y cierre de cantidades para el item de cobro NP-122 CAJA DE INSPECCIÓN DOBLE PARA CANALIZACIÓN NORMA CODENSA CS 276 ACTUALIZADA A LA NORMA CODENSA 2018  (Anden. Incluye Base Muros Pañete Marco y Tapas).. Balance de cantidades en donde se descuentan las cantidades cobradas a la fecha y se recobran de acuerdo a este reporte. Cantidades reportadas y validadas de acuerdo a información enviada a Interventoría;2
50855;71;270;8.CODENSA REDES SECAS;IDU;1856;1941;1000396;NP-122;CAJA DE INSPECCIÓN DOBLE PARA CANALIZACIÓN NORMA CODENSA CS 276 ACTUALIZADA A LA NORMA CODENSA 2018  (Anden. Incluye Base, Muros, Pañete, Marco y Tapas).;UN;3;0;0;3;1961938;5885814;ORIENTAL;cl 188 bis;cl 189;92086804;TRAMO 2;Ajuste y cierre de cantidades para el item de cobro NP-122 CAJA DE INSPECCIÓN DOBLE PARA CANALIZACIÓN NORMA CODENSA CS 276 ACTUALIZADA A LA NORMA CODENSA 2018  (Anden. Incluye Base Muros Pañete Marco y Tapas).. Balance de cantidades en donde se descuentan las cantidades cobradas a la fecha y se recobran de acuerdo a este reporte. Cantidades reportadas y validadas de acuerdo a información enviada a Interventoría;2
50854;71;270;8.CODENSA REDES SECAS;IDU;1822.52;1845.14;1008485;NP-122;CAJA DE INSPECCIÓN DOBLE PARA CANALIZACIÓN NORMA CODENSA CS 276 ACTUALIZADA A LA NORMA CODENSA 2018  (Anden. Incluye Base, Muros, Pañete, Marco y Tapas).;UN;1;0;0;1;1961938;1961938;ORIENTAL;cl 188;cl 188 bis;92086814;TRAMO 2;Ajuste y cierre de cantidades para el item de cobro NP-122 CAJA DE INSPECCIÓN DOBLE PARA CANALIZACIÓN NORMA CODENSA CS 276 ACTUALIZADA A LA NORMA CODENSA 2018  (Anden. Incluye Base Muros Pañete Marco y Tapas).. Balance de cantidades en donde se descuentan las cantidades cobradas a la fecha y se recobran de acuerdo a este reporte. Cantidades reportadas y validadas de acuerdo a información enviada a Interventoría;2
50853;71;270;8.CODENSA REDES SECAS;IDU;1403.3;1492.3;1000938;NP-122;CAJA DE INSPECCIÓN DOBLE PARA CANALIZACIÓN NORMA CODENSA CS 276 ACTUALIZADA A LA NORMA CODENSA 2018  (Anden. Incluye Base, Muros, Pañete, Marco y Tapas).;UN;2;0;0;2;1961938;3923876;ORIENTAL;cl 183;cl 185 b;92086825;TRAMO 2;Ajuste y cierre de cantidades para el item de cobro NP-122 CAJA DE INSPECCIÓN DOBLE PARA CANALIZACIÓN NORMA CODENSA CS 276 ACTUALIZADA A LA NORMA CODENSA 2018  (Anden. Incluye Base Muros Pañete Marco y Tapas).. Balance de cantidades en donde se descuentan las cantidades cobradas a la fecha y se recobran de acuerdo a este reporte. Cantidades reportadas y validadas de acuerdo a información enviada a Interventoría;2
50852;71;270;8.CODENSA REDES SECAS;IDU;1351;1403.3;1007124;NP-122;CAJA DE INSPECCIÓN DOBLE PARA CANALIZACIÓN NORMA CODENSA CS 276 ACTUALIZADA A LA NORMA CODENSA 2018  (Anden. Incluye Base, Muros, Pañete, Marco y Tapas).;UN;2;0;0;2;1961938;3923876;ORIENTAL;cl 183;cl 185 b;92086837;TRAMO 2;Ajuste y cierre de cantidades para el item de cobro NP-122 CAJA DE INSPECCIÓN DOBLE PARA CANALIZACIÓN NORMA CODENSA CS 276 ACTUALIZADA A LA NORMA CODENSA 2018  (Anden. Incluye Base Muros Pañete Marco y Tapas).. Balance de cantidades en donde se descuentan las cantidades cobradas a la fecha y se recobran de acuerdo a este reporte. Cantidades reportadas y validadas de acuerdo a información enviada a Interventoría;2
50851;71;270;8.CODENSA REDES SECAS;IDU;1993.37;2148.5;1000259;NP-122;CAJA DE INSPECCIÓN DOBLE PARA CANALIZACIÓN NORMA CODENSA CS 276 ACTUALIZADA A LA NORMA CODENSA 2018  (Anden. Incluye Base, Muros, Pañete, Marco y Tapas).;UN;5;0;0;5;1961938;9809690;ORIENTAL;cl 189;cl 191;525254;TRAMO 2;Ajuste y cierre de cantidades para el item de cobro NP-122 CAJA DE INSPECCIÓN DOBLE PARA CANALIZACIÓN NORMA CODENSA CS 276 ACTUALIZADA A LA NORMA CODENSA 2018  (Anden. Incluye Base Muros Pañete Marco y Tapas).. Balance de cantidades en donde se descuentan las cantidades cobradas a la fecha y se recobran de acuerdo a este reporte. Cantidades reportadas y validadas de acuerdo a información enviada a Interventoría;2
50850;71;270;8.CODENSA REDES SECAS;IDU;1949;1993.37;1006819;NP-122;CAJA DE INSPECCIÓN DOBLE PARA CANALIZACIÓN NORMA CODENSA CS 276 ACTUALIZADA A LA NORMA CODENSA 2018  (Anden. Incluye Base, Muros, Pañete, Marco y Tapas).;UN;1;0;0;1;1961938;1961938;ORIENTAL;cl 189;cl 191;92053080;TRAMO 2;Ajuste y cierre de cantidades para el item de cobro NP-122 CAJA DE INSPECCIÓN DOBLE PARA CANALIZACIÓN NORMA CODENSA CS 276 ACTUALIZADA A LA NORMA CODENSA 2018  (Anden. Incluye Base Muros Pañete Marco y Tapas).. Balance de cantidades en donde se descuentan las cantidades cobradas a la fecha y se recobran de acuerdo a este reporte. Cantidades reportadas y validadas de acuerdo a información enviada a Interventoría;2
50849;71;270;8.CODENSA REDES SECAS;IDU;1750;1822.52;1000490;NP-122;CAJA DE INSPECCIÓN DOBLE PARA CANALIZACIÓN NORMA CODENSA CS 276 ACTUALIZADA A LA NORMA CODENSA 2018  (Anden. Incluye Base, Muros, Pañete, Marco y Tapas).;UN;2;0;0;2;1961938;3923876;ORIENTAL;cl 187 a;cl 188;92086803;TRAMO 2;"Ajuste y cierre de cantidades para el item de cobro NP-122 CAJA DE INSPECCIÓN DOBLE PARA CANALIZACIÓN NORMA CODENSA CS 276 ACTUALIZADA A LA NORMA CODENSA 2018  (Anden. Incluye Base Muros Pañete Marco y Tapas).. Balance de cantidades en donde se descuentan las cantidades cobradas a la fecha y se recobran de acuerdo a este reporte. Cantidades reportadas y validadas de acuerdo a información enviada a Interventoría
";2
50848;71;270;8.CODENSA REDES SECAS;IDU;1723.14;1744.75;1006359;NP-122;CAJA DE INSPECCIÓN DOBLE PARA CANALIZACIÓN NORMA CODENSA CS 276 ACTUALIZADA A LA NORMA CODENSA 2018  (Anden. Incluye Base, Muros, Pañete, Marco y Tapas).;UN;2;0;0;2;1961938;3923876;ORIENTAL;cl 187;cl 187 a;92086813;TRAMO 2;"Ajuste y cierre de cantidades para el item de cobro NP-122 CAJA DE INSPECCIÓN DOBLE PARA CANALIZACIÓN NORMA CODENSA CS 276 ACTUALIZADA A LA NORMA CODENSA 2018  (Anden. Incluye Base Muros Pañete Marco y Tapas).. Balance de cantidades en donde se descuentan las cantidades cobradas a la fecha y se recobran de acuerdo a este reporte. Cantidades reportadas y validadas de acuerdo a información enviada a Interventoría
";2
50847;71;270;8.CODENSA REDES SECAS;IDU;1621;1723.14;1008278;NP-122;CAJA DE INSPECCIÓN DOBLE PARA CANALIZACIÓN NORMA CODENSA CS 276 ACTUALIZADA A LA NORMA CODENSA 2018  (Anden. Incluye Base, Muros, Pañete, Marco y Tapas).;UN;2;0;0;2;1961938;3923876;ORIENTAL;cl 186;cl 187;92086802;TRAMO 2;"Ajuste y cierre de cantidades para el item de cobro NP-122 CAJA DE INSPECCIÓN DOBLE PARA CANALIZACIÓN NORMA CODENSA CS 276 ACTUALIZADA A LA NORMA CODENSA 2018  (Anden. Incluye Base Muros Pañete Marco y Tapas).. Balance de cantidades en donde se descuentan las cantidades cobradas a la fecha y se recobran de acuerdo a este reporte. Cantidades reportadas y validadas de acuerdo a información enviada a Interventoría
";2
50846;71;270;8.CODENSA REDES SECAS;IDU;1492.3;1512.6;1006360;NP-122;CAJA DE INSPECCIÓN DOBLE PARA CANALIZACIÓN NORMA CODENSA CS 276 ACTUALIZADA A LA NORMA CODENSA 2018  (Anden. Incluye Base, Muros, Pañete, Marco y Tapas).;UN;1;0;0;1;1961938;1961938;ORIENTAL;cl 183;cl 185 b;92086821;TRAMO 2;"Ajuste y cierre de cantidades para el item de cobro NP-122 CAJA DE INSPECCIÓN DOBLE PARA CANALIZACIÓN NORMA CODENSA CS 276 ACTUALIZADA A LA NORMA CODENSA 2018  (Anden. Incluye Base Muros Pañete Marco y Tapas).. Balance de cantidades en donde se descuentan las cantidades cobradas a la fecha y se recobran de acuerdo a este reporte. Cantidades reportadas y validadas de acuerdo a información enviada a Interventoría
";2
50845;71;270;8.CODENSA REDES SECAS;IDU;2165.03;2332.88;1000131;NP-122;CAJA DE INSPECCIÓN DOBLE PARA CANALIZACIÓN NORMA CODENSA CS 276 ACTUALIZADA A LA NORMA CODENSA 2018  (Anden. Incluye Base, Muros, Pañete, Marco y Tapas).;UN;4;0;0;4;1961938;7847752;OCCIDENTAL;cl 191;cl 192;92086812;TRAMO 2;"Ajuste y cierre de cantidades para el item de cobro NP-122 CAJA DE INSPECCIÓN DOBLE PARA CANALIZACIÓN NORMA CODENSA CS 276 ACTUALIZADA A LA NORMA CODENSA 2018  (Anden. Incluye Base Muros Pañete Marco y Tapas).. Balance de cantidades en donde se descuentan las cantidades cobradas a la fecha y se recobran de acuerdo a este reporte. Cantidades reportadas y validadas de acuerdo a información enviada a Interventoría
";2
50844;71;270;8.CODENSA REDES SECAS;IDU;1990.11;2165.03;1000259;NP-122;CAJA DE INSPECCIÓN DOBLE PARA CANALIZACIÓN NORMA CODENSA CS 276 ACTUALIZADA A LA NORMA CODENSA 2018  (Anden. Incluye Base, Muros, Pañete, Marco y Tapas).;UN;4;0;0;4;1961938;7847752;OCCIDENTAL;cl 189;cl 191;92086805;TRAMO 2;"Ajuste y cierre de cantidades para el item de cobro NP-122 CAJA DE INSPECCIÓN DOBLE PARA CANALIZACIÓN NORMA CODENSA CS 276 ACTUALIZADA A LA NORMA CODENSA 2018  (Anden. Incluye Base Muros Pañete Marco y Tapas).. Balance de cantidades en donde se descuentan las cantidades cobradas a la fecha y se recobran de acuerdo a este reporte. Cantidades reportadas y validadas de acuerdo a información enviada a Interventoría
";2
50843;71;270;8.CODENSA REDES SECAS;IDU;1946.13;1990.11;1006819;NP-122;CAJA DE INSPECCIÓN DOBLE PARA CANALIZACIÓN NORMA CODENSA CS 276 ACTUALIZADA A LA NORMA CODENSA 2018  (Anden. Incluye Base, Muros, Pañete, Marco y Tapas).;UN;2;0;0;2;1961938;3923876;OCCIDENTAL;cl 189;cl 191;92086834;TRAMO 2;"Ajuste y cierre de cantidades para el item de cobro NP-122 CAJA DE INSPECCIÓN DOBLE PARA CANALIZACIÓN NORMA CODENSA CS 276 ACTUALIZADA A LA NORMA CODENSA 2018  (Anden. Incluye Base Muros Pañete Marco y Tapas).. Balance de cantidades en donde se descuentan las cantidades cobradas a la fecha y se recobran de acuerdo a este reporte. Cantidades reportadas y validadas de acuerdo a información enviada a Interventoría
";2
50842;71;270;8.CODENSA REDES SECAS;IDU;1860.77;1946.13;1000396;NP-318;SUMINISTRO E INSTALACION DE PASOS EN ACERO F’Y=6000 #5(5/8) PARA CAJAS ENEL-CODENSA (INCLUYE RECUBRIMIENTO EPOXICO Y PINTURA).;UND;9;0;0;9;17971;161739;OCCIDENTAL;cl 188 bis;cl 189;92086818;TRAMO 2;Ajuste y cierre de cantidades para el item de cobro NP-318 SUMINISTRO E INSTALACION DE PASOS EN ACERO Fâ€™Y=6000 #5(5/8) PARA CAJAS ENEL-CODENSA (INCLUYE RECUBRIMIENTO EPOXICO Y PINTURA).  (Anden. Incluye Base Muros Pañete Marco y Tapas).. Balance de cantidades en donde se descuentan las cantidades cobradas a la fecha y se recobran de acuerdo a este reporte. Cantidades reportadas y validadas de acuerdo a información enviada a Interventoría;2
50841;71;270;8.CODENSA REDES SECAS;IDU;1860.77;1946.13;1000396;NP-122;CAJA DE INSPECCIÓN DOBLE PARA CANALIZACIÓN NORMA CODENSA CS 276 ACTUALIZADA A LA NORMA CODENSA 2018  (Anden. Incluye Base, Muros, Pañete, Marco y Tapas).;UN;0.9;0;0;0.9;1961938;1765744;OCCIDENTAL;cl 188 bis;cl 189;92086818;TRAMO 2;"Ajuste y cierre de cantidades para el item de cobro NP-122 CAJA DE INSPECCIÓN DOBLE PARA CANALIZACIÓN NORMA CODENSA CS 276 ACTUALIZADA A LA NORMA CODENSA 2018  (Anden. Incluye Base Muros Pañete Marco y Tapas).. Balance de cantidades en donde se descuentan las cantidades cobradas a la fecha y se recobran de acuerdo a este reporte. Cantidades reportadas y validadas de acuerdo a información enviada a Interventoría
";2
50840;71;270;8.CODENSA REDES SECAS;IDU;1567.28;1615.41;1000717;NP-122;CAJA DE INSPECCIÓN DOBLE PARA CANALIZACIÓN NORMA CODENSA CS 276 ACTUALIZADA A LA NORMA CODENSA 2018  (Anden. Incluye Base, Muros, Pañete, Marco y Tapas).;UN;1;0;0;1;1961938;1961938;OCCIDENTAL;cl 185 b;cl 186;92086820;TRAMO 2;"Ajuste y cierre de cantidades para el item de cobro NP-122 CAJA DE INSPECCIÓN DOBLE PARA CANALIZACIÓN NORMA CODENSA CS 276 ACTUALIZADA A LA NORMA CODENSA 2018  (Anden. Incluye Base Muros Pañete Marco y Tapas).. Balance de cantidades en donde se descuentan las cantidades cobradas a la fecha y se recobran de acuerdo a este reporte. Cantidades reportadas y validadas de acuerdo a información enviada a Interventoría
";2
50839;71;270;8.CODENSA REDES SECAS;IDU;1535.87;1567.28;1006975;NP-122;CAJA DE INSPECCIÓN DOBLE PARA CANALIZACIÓN NORMA CODENSA CS 276 ACTUALIZADA A LA NORMA CODENSA 2018  (Anden. Incluye Base, Muros, Pañete, Marco y Tapas).;UN;2;0;0;2;1961938;3923876;OCCIDENTAL;cl 185 b;cl 186;92086819;TRAMO 2;"Ajuste y cierre de cantidades para el item de cobro NP-122 CAJA DE INSPECCIÓN DOBLE PARA CANALIZACIÓN NORMA CODENSA CS 276 ACTUALIZADA A LA NORMA CODENSA 2018  (Anden. Incluye Base Muros Pañete Marco y Tapas).. Balance de cantidades en donde se descuentan las cantidades cobradas a la fecha y se recobran de acuerdo a este reporte. Cantidades reportadas y validadas de acuerdo a información enviada a Interventoría
";2
50838;71;270;8.CODENSA REDES SECAS;IDU;1510.83;1530;1000763;NP-122;CAJA DE INSPECCIÓN DOBLE PARA CANALIZACIÓN NORMA CODENSA CS 276 ACTUALIZADA A LA NORMA CODENSA 2018  (Anden. Incluye Base, Muros, Pañete, Marco y Tapas).;UN;1;0;0;1;1961938;1961938;OCCIDENTAL;cl 183;cl 185 b;35001073;TRAMO 2;"Ajuste y cierre de cantidades para el item de cobro NP-122 CAJA DE INSPECCIÓN DOBLE PARA CANALIZACIÓN NORMA CODENSA CS 276 ACTUALIZADA A LA NORMA CODENSA 2018  (Anden. Incluye Base Muros Pañete Marco y Tapas).. Balance de cantidades en donde se descuentan las cantidades cobradas a la fecha y se recobran de acuerdo a este reporte. Cantidades reportadas y validadas de acuerdo a información enviada a Interventoría
";2
50837;71;270;8.CODENSA REDES SECAS;IDU;1497.88;1510.83;1006360;NP-122;CAJA DE INSPECCIÓN DOBLE PARA CANALIZACIÓN NORMA CODENSA CS 276 ACTUALIZADA A LA NORMA CODENSA 2018  (Anden. Incluye Base, Muros, Pañete, Marco y Tapas).;UN;1;0;0;1;1961938;1961938;OCCIDENTAL;cl 183;cl 185 b;92086827;TRAMO 2;"Ajuste y cierre de cantidades para el item de cobro NP-122 CAJA DE INSPECCIÓN DOBLE PARA CANALIZACIÓN NORMA CODENSA CS 276 ACTUALIZADA A LA NORMA CODENSA 2018  (Anden. Incluye Base Muros Pañete Marco y Tapas).. Balance de cantidades en donde se descuentan las cantidades cobradas a la fecha y se recobran de acuerdo a este reporte. Cantidades reportadas y validadas de acuerdo a información enviada a Interventoría
";2
50836;71;270;8.CODENSA REDES SECAS;IDU;1744.99;1816.33;1000490;NP-122;CAJA DE INSPECCIÓN DOBLE PARA CANALIZACIÓN NORMA CODENSA CS 276 ACTUALIZADA A LA NORMA CODENSA 2018  (Anden. Incluye Base, Muros, Pañete, Marco y Tapas).;UN;2;0;0;2;1961938;3923876;OCCIDENTAL;cl 187 a;cl 188;525285;TRAMO 2;"Ajuste y cierre de cantidades para el item de cobro NP-122 CAJA DE INSPECCIÓN DOBLE PARA CANALIZACIÓN NORMA CODENSA CS 276 ACTUALIZADA A LA NORMA CODENSA 2018  (Anden. Incluye Base Muros Pañete Marco y Tapas).. Balance de cantidades en donde se descuentan las cantidades cobradas a la fecha y se recobran de acuerdo a este reporte. Cantidades reportadas y validadas de acuerdo a información enviada a Interventoría
";2
50835;71;270;8.CODENSA REDES SECAS;IDU;1615.41;1720.15;1008278;NP-122;CAJA DE INSPECCIÓN DOBLE PARA CANALIZACIÓN NORMA CODENSA CS 276 ACTUALIZADA A LA NORMA CODENSA 2018  (Anden. Incluye Base, Muros, Pañete, Marco y Tapas).;UN;3;0;0;3;1961938;5885814;OCCIDENTAL;cl 186;cl 187;92086806;TRAMO 2;"Ajuste y cierre de cantidades para el item de cobro NP-122 CAJA DE INSPECCIÓN DOBLE PARA CANALIZACIÓN NORMA CODENSA CS 276 ACTUALIZADA A LA NORMA CODENSA 2018  (Anden. Incluye Base Muros Pañete Marco y Tapas).. Balance de cantidades en donde se descuentan las cantidades cobradas a la fecha y se recobran de acuerdo a este reporte. Cantidades reportadas y validadas de acuerdo a información enviada a Interventoría
";2
50834;71;270;8.CODENSA REDES SECAS;IDU;1401.08;1472.89;1000938;NP-122;CAJA DE INSPECCIÓN DOBLE PARA CANALIZACIÓN NORMA CODENSA CS 276 ACTUALIZADA A LA NORMA CODENSA 2018  (Anden. Incluye Base, Muros, Pañete, Marco y Tapas).;UN;6;0;0;6;1961938;11771628;OCCIDENTAL;cl 183;cl 185 b;92086828;TRAMO 2;"Ajuste y cierre de cantidades para el item de cobro NP-122 CAJA DE INSPECCIÓN DOBLE PARA CANALIZACIÓN NORMA CODENSA CS 276 ACTUALIZADA A LA NORMA CODENSA 2018  (Anden. Incluye Base Muros Pañete Marco y Tapas).. Balance de cantidades en donde se descuentan las cantidades cobradas a la fecha y se recobran de acuerdo a este reporte. Cantidades reportadas y validadas de acuerdo a información enviada a Interventoría
";2
50833;71;270;8.CODENSA REDES SECAS;IDU;1349.66;1401.08;1007124;NP-122;CAJA DE INSPECCIÓN DOBLE PARA CANALIZACIÓN NORMA CODENSA CS 276 ACTUALIZADA A LA NORMA CODENSA 2018  (Anden. Incluye Base, Muros, Pañete, Marco y Tapas).;UN;4;0;0;4;1961938;7847752;OCCIDENTAL;cl 183;cl 185 b;92073775;TRAMO 2;"Ajuste y cierre de cantidades para el item de cobro NP-122 CAJA DE INSPECCIÓN DOBLE PARA CANALIZACIÓN NORMA CODENSA CS 276 ACTUALIZADA A LA NORMA CODENSA 2018  (Anden. Incluye Base Muros Pañete Marco y Tapas).. Balance de cantidades en donde se descuentan las cantidades cobradas a la fecha y se recobran de acuerdo a este reporte. Cantidades reportadas y validadas de acuerdo a información enviada a Interventoría
";2
50832;71;270;8.CODENSA REDES SECAS;IDU;896.02;936.02;1001222;NP-122;CAJA DE INSPECCIÓN DOBLE PARA CANALIZACIÓN NORMA CODENSA CS 276 ACTUALIZADA A LA NORMA CODENSA 2018  (Anden. Incluye Base, Muros, Pañete, Marco y Tapas).;UN;0.3;0;0;0.3;1961938;588581;OCCIDENTAL;cl 180;cl 181;92086832;TRAMO 1;"Ajuste y cierre de cantidades para el item de cobro NP-122 CAJA DE INSPECCIÓN DOBLE PARA CANALIZACIÓN NORMA CODENSA CS 276 ACTUALIZADA A LA NORMA CODENSA 2018  (Anden. Incluye Base Muros Pañete Marco y Tapas).. Balance de cantidades en donde se descuentan las cantidades cobradas a la fecha y se recobran de acuerdo a este reporte. Cantidades reportadas y validadas de acuerdo a información enviada a Interventoría
";2
50831;71;270;8.CODENSA REDES SECAS;IDU;1.23;9.76;1001382;NP-122;CAJA DE INSPECCIÓN DOBLE PARA CANALIZACIÓN NORMA CODENSA CS 276 ACTUALIZADA A LA NORMA CODENSA 2018  (Anden. Incluye Base, Muros, Pañete, Marco y Tapas).;UN;1;0;0;1;1961938;1961938;OCCIDENTAL;cl 170;cl 172;91042440;TRAMO 1;"Ajuste y cierre de cantidades para el item de cobro NP-122 CAJA DE INSPECCIÓN DOBLE PARA CANALIZACIÓN NORMA CODENSA CS 276 ACTUALIZADA A LA NORMA CODENSA 2018  (Anden. Incluye Base Muros Pañete Marco y Tapas).. Balance de cantidades en donde se descuentan las cantidades cobradas a la fecha y se recobran de acuerdo a este reporte. Cantidades reportadas y validadas de acuerdo a información enviada a Interventoría
";2
50816;71;270;8.CODENSA REDES SECAS;IDU;648.99;891.79;1001300;NP-122;CAJA DE INSPECCIÓN DOBLE PARA CANALIZACIÓN NORMA CODENSA CS 276 ACTUALIZADA A LA NORMA CODENSA 2018  (Anden. Incluye Base, Muros, Pañete, Marco y Tapas).;UN;6.3;0;0;6.3;1961938;12360209;OCCIDENTAL;cl 173;cl 180;92086809;TRAMO 1;"Ajuste y cierre de cantidades para el item de cobro NP-122 CAJA DE INSPECCIÓN DOBLE PARA CANALIZACIÓN NORMA CODENSA CS 276 ACTUALIZADA A LA NORMA CODENSA 2018  (Anden. Incluye Base Muros Pañete Marco y Tapas).. Balance de cantidades en donde se descuentan las cantidades cobradas a la fecha y se recobran de acuerdo a este reporte. Cantidades reportadas y validadas de acuerdo a información enviada a Interventoría
";2
50815;71;270;8.CODENSA REDES SECAS;IDU;513.4;647;1008484;NP-122;CAJA DE INSPECCIÓN DOBLE PARA CANALIZACIÓN NORMA CODENSA CS 276 ACTUALIZADA A LA NORMA CODENSA 2018  (Anden. Incluye Base, Muros, Pañete, Marco y Tapas).;UN;4;0;0;4;1961938;7847752;OCCIDENTAL;cl 173;cl 180;92086833;TRAMO 1;"Ajuste y cierre de cantidades para el item de cobro NP-122 CAJA DE INSPECCIÓN DOBLE PARA CANALIZACIÓN NORMA CODENSA CS 276 ACTUALIZADA A LA NORMA CODENSA 2018  (Anden. Incluye Base Muros Pañete Marco y Tapas).. Balance de cantidades en donde se descuentan las cantidades cobradas a la fecha y se recobran de acuerdo a este reporte. Cantidades reportadas y validadas de acuerdo a información enviada a Interventoría
";2
50814;71;270;8.CODENSA REDES SECAS;IDU;236.4;513.4;1001348;NP-122;CAJA DE INSPECCIÓN DOBLE PARA CANALIZACIÓN NORMA CODENSA CS 276 ACTUALIZADA A LA NORMA CODENSA 2018  (Anden. Incluye Base, Muros, Pañete, Marco y Tapas).;UN;7;0;0;7;1961938;13733566;OCCIDENTAL;cl 172;cl 173;92086810;TRAMO 1;"Ajuste y cierre de cantidades para el item de cobro NP-122 CAJA DE INSPECCIÓN DOBLE PARA CANALIZACIÓN NORMA CODENSA CS 276 ACTUALIZADA A LA NORMA CODENSA 2018  (Anden. Incluye Base Muros Pañete Marco y Tapas).. Balance de cantidades en donde se descuentan las cantidades cobradas a la fecha y se recobran de acuerdo a este reporte. Cantidades reportadas y validadas de acuerdo a información enviada a Interventoría
";2
50813;71;270;8.CODENSA REDES SECAS;IDU;23.13;224.4;1001382;NP-122;CAJA DE INSPECCIÓN DOBLE PARA CANALIZACIÓN NORMA CODENSA CS 276 ACTUALIZADA A LA NORMA CODENSA 2018  (Anden. Incluye Base, Muros, Pañete, Marco y Tapas).;UN;6;0;0;6;1961938;11771628;OCCIDENTAL;cl 170;cl 172;92086811;TRAMO 1;"Ajuste y cierre de cantidades para el item de cobro NP-122 CAJA DE INSPECCIÓN DOBLE PARA CANALIZACIÓN NORMA CODENSA CS 276 ACTUALIZADA A LA NORMA CODENSA 2018  (Anden. Incluye Base Muros Pañete Marco y Tapas).. Balance de cantidades en donde se descuentan las cantidades cobradas a la fecha y se recobran de acuerdo a este reporte. Cantidades reportadas y validadas de acuerdo a información enviada a Interventoría
";2
50812;71;270;8.CODENSA REDES SECAS;IDU;1107;1145;1001082;NP-122;CAJA DE INSPECCIÓN DOBLE PARA CANALIZACIÓN NORMA CODENSA CS 276 ACTUALIZADA A LA NORMA CODENSA 2018  (Anden. Incluye Base, Muros, Pañete, Marco y Tapas).;UN;1;0;0;1;1961938;1961938;ORIENTAL;cl 181 c;cl 182;92086830;TRAMO 1;"Ajuste y cierre de cantidades para el item de cobro NP-122 CAJA DE INSPECCIÓN DOBLE PARA CANALIZACIÓN NORMA CODENSA CS 276 ACTUALIZADA A LA NORMA CODENSA 2018  (Anden. Incluye Base Muros Pañete Marco y Tapas).. Balance de cantidades en donde se descuentan las cantidades cobradas a la fecha y se recobran de acuerdo a este reporte. Cantidades reportadas y validadas de acuerdo a información enviada a Interventoría
";2
50811;71;270;8.CODENSA REDES SECAS;IDU;970;1107;1001082;NP-122;CAJA DE INSPECCIÓN DOBLE PARA CANALIZACIÓN NORMA CODENSA CS 276 ACTUALIZADA A LA NORMA CODENSA 2018  (Anden. Incluye Base, Muros, Pañete, Marco y Tapas).;UN;6;0;0;6;1961938;11771628;ORIENTAL;cl 181;cl 181 c;92086800;TRAMO 1;"Ajuste y cierre de cantidades para el item de cobro NP-122 CAJA DE INSPECCIÓN DOBLE PARA CANALIZACIÓN NORMA CODENSA CS 276 ACTUALIZADA A LA NORMA CODENSA 2018  (Anden. Incluye Base Muros Pañete Marco y Tapas).. Balance de cantidades en donde se descuentan las cantidades cobradas a la fecha y se recobran de acuerdo a este reporte. Cantidades reportadas y validadas de acuerdo a información enviada a Interventoría
";2
50810;71;270;8.CODENSA REDES SECAS;IDU;899.5;960;1001222;NP-122;CAJA DE INSPECCIÓN DOBLE PARA CANALIZACIÓN NORMA CODENSA CS 276 ACTUALIZADA A LA NORMA CODENSA 2018  (Anden. Incluye Base, Muros, Pañete, Marco y Tapas).;UN;0.5;0;0;0.5;1961938;980969;ORIENTAL;cl 180;cl 181;91042461;TRAMO 1;"Ajuste y cierre de cantidades para el item de cobro NP-122 CAJA DE INSPECCIÓN DOBLE PARA CANALIZACIÓN NORMA CODENSA CS 276 ACTUALIZADA A LA NORMA CODENSA 2018  (Anden. Incluye Base Muros Pañete Marco y Tapas).. Balance de cantidades en donde se descuentan las cantidades cobradas a la fecha y se recobran de acuerdo a este reporte. Cantidades reportadas y validadas de acuerdo a información enviada a Interventoría
";2
50809;71;270;8.CODENSA REDES SECAS;IDU;650.54;896.58;1001300;NP-122;CAJA DE INSPECCIÓN DOBLE PARA CANALIZACIÓN NORMA CODENSA CS 276 ACTUALIZADA A LA NORMA CODENSA 2018  (Anden. Incluye Base, Muros, Pañete, Marco y Tapas).;UN;6;0;0;6;1961938;11771628;ORIENTAL;cl 173;cl 180;92086799;TRAMO 1;"Ajuste y cierre de cantidades para el item de cobro NP-122 CAJA DE INSPECCIÓN DOBLE PARA CANALIZACIÓN NORMA CODENSA CS 276 ACTUALIZADA A LA NORMA CODENSA 2018  (Anden. Incluye Base Muros Pañete Marco y Tapas).. Balance de cantidades en donde se descuentan las cantidades cobradas a la fecha y se recobran de acuerdo a este reporte. Cantidades reportadas y validadas de acuerdo a información enviada a Interventoría
";2
50808;71;270;8.CODENSA REDES SECAS;IDU;520;650.54;1008484;NP-122;CAJA DE INSPECCIÓN DOBLE PARA CANALIZACIÓN NORMA CODENSA CS 276 ACTUALIZADA A LA NORMA CODENSA 2018  (Anden. Incluye Base, Muros, Pañete, Marco y Tapas).;UN;4;0;0;4;1961938;7847752;ORIENTAL;cl 173;cl 180;92086829;TRAMO 1;"Ajuste y cierre de cantidades para el item de cobro NP-122 CAJA DE INSPECCIÓN DOBLE PARA CANALIZACIÓN NORMA CODENSA CS 276 ACTUALIZADA A LA NORMA CODENSA 2018  (Anden. Incluye Base Muros Pañete Marco y Tapas).. Balance de cantidades en donde se descuentan las cantidades cobradas a la fecha y se recobran de acuerdo a este reporte. Cantidades reportadas y validadas de acuerdo a información enviada a Interventoría
";2
50807;71;270;8.CODENSA REDES SECAS;IDU;225.96;510;1001348;NP-122;CAJA DE INSPECCIÓN DOBLE PARA CANALIZACIÓN NORMA CODENSA CS 276 ACTUALIZADA A LA NORMA CODENSA 2018  (Anden. Incluye Base, Muros, Pañete, Marco y Tapas).;UN;11;0;0;11;1961938;21581318;ORIENTAL;cl 172;cl 173;92086798;TRAMO 1;"Ajuste y cierre de cantidades para el item de cobro NP-122 CAJA DE INSPECCIÓN DOBLE PARA CANALIZACIÓN NORMA CODENSA CS 276 ACTUALIZADA A LA NORMA CODENSA 2018  (Anden. Incluye Base Muros Pañete Marco y Tapas).. Balance de cantidades en donde se descuentan las cantidades cobradas a la fecha y se recobran de acuerdo a este reporte. Cantidades reportadas y validadas de acuerdo a información enviada a Interventoría
";2
50806;71;270;8.CODENSA REDES SECAS;IDU;20;220;1001382;NP-122;CAJA DE INSPECCIÓN DOBLE PARA CANALIZACIÓN NORMA CODENSA CS 276 ACTUALIZADA A LA NORMA CODENSA 2018  (Anden. Incluye Base, Muros, Pañete, Marco y Tapas).;UN;7;0;0;7;1961938;13733566;ORIENTAL;cl 170;cl 172;503552;TRAMO 1;"Ajuste y cierre de cantidades para el item de cobro NP-122 CAJA DE INSPECCIÓN DOBLE PARA CANALIZACIÓN NORMA CODENSA CS 276 ACTUALIZADA A LA NORMA CODENSA 2018  (Anden. Incluye Base Muros Pañete Marco y Tapas).. Balance de cantidades en donde se descuentan las cantidades cobradas a la fecha y se recobran de acuerdo a este reporte. Cantidades reportadas y validadas de acuerdo a información enviada a Interventoría
";2
50805;71;270;8.CODENSA REDES SECAS;IDU;0;20;1001385;NP-122;CAJA DE INSPECCIÓN DOBLE PARA CANALIZACIÓN NORMA CODENSA CS 276 ACTUALIZADA A LA NORMA CODENSA 2018  (Anden. Incluye Base, Muros, Pañete, Marco y Tapas).;UN;2;0;0;2;1961938;3923876;ORIENTAL;cl 170;cl 172;507849;TRAMO 1;"Ajuste y cierre de cantidades para el item de cobro NP-122 CAJA DE INSPECCIÓN DOBLE PARA CANALIZACIÓN NORMA CODENSA CS 276 ACTUALIZADA A LA NORMA CODENSA 2018  (Anden. Incluye Base Muros Pañete Marco y Tapas).. Balance de cantidades en donde se descuentan las cantidades cobradas a la fecha y se recobran de acuerdo a este reporte. Cantidades reportadas y validadas de acuerdo a información enviada a Interventoría
";2
50804;71;270;8.CODENSA REDES SECAS;IDU;1216.63;1301;1006372;NP-122;CAJA DE INSPECCIÓN DOBLE PARA CANALIZACIÓN NORMA CODENSA CS 276 ACTUALIZADA A LA NORMA CODENSA 2018  (Anden. Incluye Base, Muros, Pañete, Marco y Tapas).;UN;4;0;0;4;1961938;7847752;ORIENTAL;cl 182 a;cl 183;92086801;TRAMO 1;"Ajuste y cierre de cantidades para el item de cobro NP-122 CAJA DE INSPECCIÓN DOBLE PARA CANALIZACIÓN NORMA CODENSA CS 276 ACTUALIZADA A LA NORMA CODENSA 2018  (Anden. Incluye Base Muros Pañete Marco y Tapas).. Balance de cantidades en donde se descuentan las cantidades cobradas a la fecha y se recobran de acuerdo a este reporte. Cantidades reportadas y validadas de acuerdo a información enviada a Interventoría
";2
50803;71;270;8.CODENSA REDES SECAS;IDU;1162;1216.63;1001035;NP-122;CAJA DE INSPECCIÓN DOBLE PARA CANALIZACIÓN NORMA CODENSA CS 276 ACTUALIZADA A LA NORMA CODENSA 2018  (Anden. Incluye Base, Muros, Pañete, Marco y Tapas).;UN;4;0;0;4;1961938;7847752;ORIENTAL;cl 182;cl 182 a;525267;TRAMO 1;"Ajuste y cierre de cantidades para el item de cobro NP-122 CAJA DE INSPECCIÓN DOBLE PARA CANALIZACIÓN NORMA CODENSA CS 276 ACTUALIZADA A LA NORMA CODENSA 2018  (Anden. Incluye Base Muros Pañete Marco y Tapas).. Balance de cantidades en donde se descuentan las cantidades cobradas a la fecha y se recobran de acuerdo a este reporte. Cantidades reportadas y validadas de acuerdo a información enviada a Interventoría
";2
50802;71;270;8.CODENSA REDES SECAS;IDU;1151;1158;1001038;NP-122;CAJA DE INSPECCIÓN DOBLE PARA CANALIZACIÓN NORMA CODENSA CS 276 ACTUALIZADA A LA NORMA CODENSA 2018  (Anden. Incluye Base, Muros, Pañete, Marco y Tapas).;UN;1;0;0;1;1961938;1961938;ORIENTAL;cl 182;kr 9;600020;TRAMO 1;"Ajuste y cierre de cantidades para el item de cobro NP-122 CAJA DE INSPECCIÓN DOBLE PARA CANALIZACIÓN NORMA CODENSA CS 276 ACTUALIZADA A LA NORMA CODENSA 2018  (Anden. Incluye Base Muros Pañete Marco y Tapas).. Balance de cantidades en donde se descuentan las cantidades cobradas a la fecha y se recobran de acuerdo a este reporte. Cantidades reportadas y validadas de acuerdo a información enviada a Interventoría
";2
50801;71;270;8.CODENSA REDES SECAS;IDU;961;1107;1001082;NP-318;SUMINISTRO E INSTALACION DE PASOS EN ACERO F’Y=6000 #5(5/8) PARA CAJAS ENEL-CODENSA (INCLUYE RECUBRIMIENTO EPOXICO Y PINTURA).;UND;24;0;0;24;17971;431304;OCCIDENTAL;cl 181;cl 181 c;92086808;TRAMO 1;"Ajuste y cierre de cantidades para el item de cobro NP-318 SUMINISTRO E INSTALACION DE PASOS EN ACERO Fâ€™Y=6000 #5(5/8) PARA CAJAS ENEL-CODENSA (INCLUYE RECUBRIMIENTO EPOXICO Y PINTURA).  (Anden. Incluye Base Muros Pañete Marco y Tapas).. Balance de cantidades en donde se descuentan las cantidades cobradas a la fecha y se recobran de acuerdo a este reporte. Cantidades reportadas y validadas de acuerdo a información enviada a Interventoría
";2
50800;71;270;8.CODENSA REDES SECAS;IDU;961;1107;1001082;NP-122;CAJA DE INSPECCIÓN DOBLE PARA CANALIZACIÓN NORMA CODENSA CS 276 ACTUALIZADA A LA NORMA CODENSA 2018  (Anden. Incluye Base, Muros, Pañete, Marco y Tapas).;UN;6;0;0;6;1961938;11771628;OCCIDENTAL;cl 181;cl 181 c;92086808;TRAMO 1;"Ajuste y cierre de cantidades para el item de cobro NP-122 CAJA DE INSPECCIÓN DOBLE PARA CANALIZACIÓN NORMA CODENSA CS 276 ACTUALIZADA A LA NORMA CODENSA 2018  (Anden. Incluye Base Muros Pañete Marco y Tapas).. Balance de cantidades en donde se descuentan las cantidades cobradas a la fecha y se recobran de acuerdo a este reporte. Cantidades reportadas y validadas de acuerdo a información enviada a Interventoría
";2
50799;71;270;8.CODENSA REDES SECAS;IDU;1214.58;1282;1006372;NP-318;SUMINISTRO E INSTALACION DE PASOS EN ACERO F’Y=6000 #5(5/8) PARA CAJAS ENEL-CODENSA (INCLUYE RECUBRIMIENTO EPOXICO Y PINTURA).;UND;4;0;0;4;17971;71884;OCCIDENTAL;cl 182 a;cl 183;92086807;TRAMO 1;"Ajuste y cierre de cantidades para el item de cobro NP-318 SUMINISTRO E INSTALACION DE PASOS EN ACERO Fâ€™Y=6000 #5(5/8) PARA CAJAS ENEL-CODENSA (INCLUYE RECUBRIMIENTO EPOXICO Y PINTURA).  (Anden. Incluye Base Muros Pañete Marco y Tapas).. Balance de cantidades en donde se descuentan las cantidades cobradas a la fecha y se recobran de acuerdo a este reporte. Cantidades reportadas y validadas de acuerdo a información enviada a Interventoría
";2
50798;71;270;8.CODENSA REDES SECAS;IDU;1214.58;1282;1006372;NP-122;CAJA DE INSPECCIÓN DOBLE PARA CANALIZACIÓN NORMA CODENSA CS 276 ACTUALIZADA A LA NORMA CODENSA 2018  (Anden. Incluye Base, Muros, Pañete, Marco y Tapas).;UN;1;0;0;1;1961938;1961938;OCCIDENTAL;cl 182 a;cl 183;92086807;TRAMO 1;"Ajuste y cierre de cantidades para el item de cobro NP-122 CAJA DE INSPECCIÓN DOBLE PARA CANALIZACIÓN NORMA CODENSA CS 276 ACTUALIZADA A LA NORMA CODENSA 2018  (Anden. Incluye Base Muros Pañete Marco y Tapas).. Balance de cantidades en donde se descuentan las cantidades cobradas a la fecha y se recobran de acuerdo a este reporte. Cantidades reportadas y validadas de acuerdo a información enviada a Interventoría
";2
50797;71;270;8.CODENSA REDES SECAS;IDU;1153.52;1214.58;1001035;NP-122;CAJA DE INSPECCIÓN DOBLE PARA CANALIZACIÓN NORMA CODENSA CS 276 ACTUALIZADA A LA NORMA CODENSA 2018  (Anden. Incluye Base, Muros, Pañete, Marco y Tapas).;UN;2;0;0;2;1961938;3923876;OCCIDENTAL;cl 182;cl 182 a;92086836;TRAMO 1;"Ajuste y cierre de cantidades para el item de cobro NP-122 CAJA DE INSPECCIÓN DOBLE PARA CANALIZACIÓN NORMA CODENSA CS 276 ACTUALIZADA A LA NORMA CODENSA 2018  (Anden. Incluye Base Muros Pañete Marco y Tapas).. Balance de cantidades en donde se descuentan las cantidades cobradas a la fecha y se recobran de acuerdo a este reporte. Cantidades reportadas y validadas de acuerdo a información enviada a Interventoría
";2
50796;71;270;8.CODENSA REDES SECAS;IDU;1125;1153.53;1001082;8.22.;CAJA DE INSPECCIÓN PARA ALUMBRADO PÚBLICO NORMA CODENSA CS 274  (Anden. Incluye Base, Muros, Pañete, Marco y Tapa). Medidas Externas: 0.90 x 0.90m. Medidas Internas: 0.60 x 0.60m. Altura: 0.93m.;UN;1;0;0;1;393359;393359;OCCIDENTAL;cl 181 c;cl 182;92086831;TRAMO 1;"Ajuste y cierre de cantidades para el item de cobro 8.22.CAJA DE INSPECCIÓN PARA ALUMBRADO PÚBLICO NORMA CODENSA CS 274  (Anden. Incluye Base Muros Pañete Marco y Tapa). Medidas Externas: 0.90 x 0.90m. Medidas Internas: 0.60 x 0.60m. Altura: 0.93m.. Balance de cantidades en donde se descuentan las cantidades cobradas a la fecha y se recobran de acuerdo a este reporte. Cantidades reportadas y validadas de acuerdo a información enviada a Interventoría
";2
50795;71;270;8.CODENSA REDES SECAS;IDU;1125;1153.53;1001082;NP-122;CAJA DE INSPECCIÓN DOBLE PARA CANALIZACIÓN NORMA CODENSA CS 276 ACTUALIZADA A LA NORMA CODENSA 2018  (Anden. Incluye Base, Muros, Pañete, Marco y Tapas).;UN;1;0;0;1;1961938;1961938;OCCIDENTAL;cl 181 c;cl 182;92086831;TRAMO 1;Ajuste y cierre de cantidades para el item de cobro NP-122 CAJA DE INSPECCIÓN DOBLE PARA CANALIZACIÓN NORMA CODENSA CS 276 ACTUALIZADA A LA NORMA CODENSA 2018  (Anden. Incluye Base Muros Pañete Marco y Tapas).. Balance de cantidades en donde se descuentan las cantidades cobradas a la fecha y se recobran de acuerdo a este reporte. Cantidades reportadas y validadas de acuerdo a información enviada a Interventoría;2
50794;71;270;8.CODENSA REDES SECAS;IDU;1125;1153.53;1001082;NP-318;SUMINISTRO E INSTALACION DE PASOS EN ACERO F’Y=6000 #5(5/8) PARA CAJAS ENEL-CODENSA (INCLUYE RECUBRIMIENTO EPOXICO Y PINTURA).;UND;4;0;0;4;17971;71884;OCCIDENTAL;cl 181 c;cl 182;92086831;TRAMO 1;"Ajuste y cierre de cantidades para el item de cobro NP-318 SUMINISTRO E INSTALACION DE PASOS EN ACERO Fâ€™Y=6000 #5(5/8) PARA CAJAS ENEL-CODENSA (INCLUYE RECUBRIMIENTO EPOXICO Y PINTURA).  (Anden. Incluye Base Muros Pañete Marco y Tapas).. Balance de cantidades en donde se descuentan las cantidades cobradas a la fecha y se recobran de acuerdo a este reporte. Cantidades reportadas y validadas de acuerdo a información enviada a Interventoría
";2
50787;71;269;9.SEÑALIZACION, DEMARCACION Y SEMAFORIZACIÓN;IDU;2330;2330;1000131;9.58.;"SEMÁFORO VEHICULAR DE POLICARBONATO (3x200), LENTES DE POLICARBONATO DE 8"", TRES LUCES, SISTEMA DE ILUMINACIÓN A LEDS. SUMINISTRO E INSTALACIÓN.";UN;1;0;0;1;3180162;3180162;OCCIDENTAL;CALLE 192;CALLE 192;91062379;TRAMO 2;INSTALACION DE SEMAFORO S2 NORMAL ;2
50786;71;269;9.SEÑALIZACION, DEMARCACION Y SEMAFORIZACIÓN;IDU;2330;2330;1000131;9.61.;"SEMAFORO VEHICULAR DE POLICARBONATO (3x200) LENTES DE POLICARBONATO DE 8"" TRES LUCES, SISTEMA DE ILUMINACIÓN A LEDS, FLECHA DE GIRO TIPO MASTIL. INCLUYE ELEMENTOS DE FIJACION.";UN;1;0;0;1;3077186;3077186;OCCIDENTAL;CALLE 192;CALLE 192;91062379;TRAMO 2;INSTALACION DE SEMAFORO S1 CON FLECHA DE GIRO ;2
50785;71;270;9.SEÑALIZACION, DEMARCACION Y SEMAFORIZACIÓN;IDU;0;1300;1001348;NP-138;SEÑAL VERTICAL GRUPO DE REGLAMENTARIAS TIPO CIRCULO D=60cm. INCLUYE SUMINISTRO E INSTALACION.;UN;2;0;0;2;249203;498406;ORIENTAL;Cll170;Cll183;91062402;TRAMO 1;SEÑAL SR-04;2
50784;71;270;9.SEÑALIZACION, DEMARCACION Y SEMAFORIZACIÓN;IDU;0;1300;1001348;9.30.;CHEVRON 90 cm x 40cm, REFLECTIVO PRISMÁTICO TIPO VII O SUPERIOR, AMARILLO LIMÓN FLUORESCENTE EN LÁMINA GALVANIZADA, PEDESTAL EN ÁNGULO. SUMINISTRO E INSTALACIÓN.;UN;1;0;0;1;311302;311302;ORIENTAL;Cll170;Cll183;91062402;TRAMO 1;SEÑAL CHEVRON;2
50783;71;270;9.SEÑALIZACION, DEMARCACION Y SEMAFORIZACIÓN;IDU;0;1300;1001348;NP-138;SEÑAL VERTICAL GRUPO DE REGLAMENTARIAS TIPO CIRCULO D=60cm. INCLUYE SUMINISTRO E INSTALACION.;UN;5;0;0;5;249203;1246015;ORIENTAL;Cll170;Cll183;91062402;TRAMO 1;SEÑAL SR-20;2
50782;71;270;9.SEÑALIZACION, DEMARCACION Y SEMAFORIZACIÓN;IDU;0;1300;1001348;NP-420;SEÑAL VERTICAL GRUPO DE PREVENTIVAS TIPO ROMBO (60cm x 60cm). INCLUYE SUMINISTRO E INSTALACION;UND;1;0;0;1;348545;348545;ORIENTAL;Cll170;Cll183;91062402;TRAMO 1;SEÑAL SP-48;2
50781;71;270;9.SEÑALIZACION, DEMARCACION Y SEMAFORIZACIÓN;IDU;0;1300;1001348;NP-139;SEÑAL DOBLE DE 60 CM, REFLECTIVO ALTA DENSIDAD TIPO IV EN LAMINA GALVANIZADA, PEDESTAL EN ANGULO SP/SR/SI. (INCLUYE SUMINISTRO E INSTALACIÓN);UN;3;0;0;3;242846;728538;ORIENTAL;Cll170;Cll183;91062402;TRAMO 1;señal doble SP-46B;2
50780;71;270;9.SEÑALIZACION, DEMARCACION Y SEMAFORIZACIÓN;IDU;0;1300;1001348;NP-139;SEÑAL DOBLE DE 60 CM, REFLECTIVO ALTA DENSIDAD TIPO IV EN LAMINA GALVANIZADA, PEDESTAL EN ANGULO SP/SR/SI. (INCLUYE SUMINISTRO E INSTALACIÓN);UN;3;0;0;3;242846;728538;ORIENTAL;Cll170;Cll183;91062402;TRAMO 1;señal doble SP-24/SR-30;2
50626;71;269;9.SEÑALIZACION, DEMARCACION Y SEMAFORIZACIÓN;IDU;2330;2330;1000131;9.59.;"SEMÁFORO PEATONAL DE POLICARBONATO (2x200), LENTES DE POLICARBONATO DE 8"", DOS LUCES, SISTEMA DE ILUMINACIÓN A LEDS. SUMINISTRO E INSTALACIÓN.";UN;6;0;0;6;2316409;13898454;OCCIDENTAL;CALLE 192;CALLE 192;91062379;TRAMO 2;INSTALACION DE SEMAFOROS S3-ABS:2,330.00-2,330.00;2
50624;71;269;9.SEÑALIZACION, DEMARCACION Y SEMAFORIZACIÓN;IDU;2330;2330;1000131;9.62.;"SEMAFORO VEHICULAR DE POLICARBONATO (3x200) LENTES DE POLICARBONATO DE 8"" TRES LUCES, SISTEMA DE ILUMINACIÓN A LEDS, TIPO MENSULA. INCLUYE ELEMENTOS DE FIJACION.";UN;1;0;0;1;3468104;3468104;OCCIDENTAL;CALLE 192;CALLE 192;91062379;TRAMO 2;INSTALACION DE SEMAFOROS S2 FLECHA DE GIRO-ABS:2,330.00-2,330.00;2
50623;71;269;9.SEÑALIZACION, DEMARCACION Y SEMAFORIZACIÓN;IDU;2330;2330;1000131;9.60.;"SEMAFORO VEHICULAR DE POLICARBONATO (3x200) LENTES DE POLICARBONATO DE 8"" TRES LUCES, SISTEMA DE ILUMINACIÓN A LEDS, TIPO MASTIL. INCLUYE ELEMENTOS DE FIJACION.";UN;1;0;0;1;3214494;3214494;OCCIDENTAL;CALLE 192;CALLE 192;91062379;TRAMO 2;INSTALACION DE SEMAFORO S1 NORMAL-ABS:2,330.00-2,330.00;2
50622;71;269;9.SEÑALIZACION, DEMARCACION Y SEMAFORIZACIÓN;IDU;2330;2330;1000131;9.56.;POSTE TIPO MENSULA T2 (6.50m) EN TUBO SCH 40 GALVANIZADO Y PINTADO. SUMINISTRO E INSTALACIÓN.;UN;1;0;0;1;1923910;1923910;OCCIDENTAL;CALLE 192;CALLE 192;91062379;TRAMO 2;INSTALACION DE POSTE T2 (6.5)-ABS:2,330.00-2,330.00;2
50621;71;269;9.SEÑALIZACION, DEMARCACION Y SEMAFORIZACIÓN;IDU;2330;2330;1000131;9.55.;POSTE TIPO MENSULA T2 (5.50m) EN TUBO SCH 40 GALVANIZADO Y PINTADO. SUMINISTRO E INSTALACIÓN.;UN;2;0;0;2;3607461;7214922;OCCIDENTAL;CALLE 192;CALLE 192;91062379;TRAMO 2;INSTALACION DE POSTE T2 (5.50)-ABS:2,330.00-2,330.00;2
50620;71;269;9.SEÑALIZACION, DEMARCACION Y SEMAFORIZACIÓN;IDU;2330;2330;1000131;NP-160;SUMINISTRO E INSTALACION DE POSTE TIPO MÁSTIL (T1) DE 3,80M;UN;4;0;0;4;1346604;5386416;OCCIDENTAL;CALLE 192;CALLE 192;91062379;TRAMO 2;INSTALACION DE POSTE T1 -ABS:2,330.00-2,330.00;2
50619;71;269;9.SEÑALIZACION, DEMARCACION Y SEMAFORIZACIÓN;IDU;2330;2330;1000131;9.51.;CABLE ELÉCTRICO 3x16 AWG PARA CONTROL DE SEMÁFOROS PEATONALES TIPO ST CU 600V 75°C. SUMINISTRO E INSTALACIÓN.;ML;286.6;0;0;286.6;7863;2253536;OCCIDENTAL;CALLE 192;CALLE 192;91062379;TRAMO 2;Cable AGW 3X16-ABS:2,330.00-2,330.00;2
50618;71;269;9.SEÑALIZACION, DEMARCACION Y SEMAFORIZACIÓN;IDU;2330;2330;1000131;9.50.;CABLE ELÉCTRICO 4x16 AWG PARA CONTROL DE SEMÁFOROS VEHICULARES TIPO ST CU 600V 75°C. SUMINISTRO E INSTALACIÓN.;ML;304.3;0;0;304.3;8919;2714052;OCCIDENTAL;CALLE 192;CALLE 192;91062379;TRAMO 2;cable AWG 4x16-ABS:2,330.00-2,330.00;2
50290;71;269;8.ETB REDES SECAS;IDU;2381;2381;1000041;8.54.;CAJA DE PASO DOBLE ANDEN CONCRETO ETB (Incluye Base, Muros, Pañete, Bordillo Perimetral, Marco y Tapa). Medidas Externas 1.36 x 0.89m. Medidas Internas: 1.06 x 0.60m. Altura: 0.96m.;UN;1;0;0;1;655952;655952;ORIENTAL;Calle 192;Calle 193;525251;TRAMO 2;Construcción de caja de etb doble. Largo 1.06 mts ancho 0.6 mts altura 1.0 mts -ABS:2,381.00-2,381.00;2
50259;71;269;8.CODENSA REDES SECAS;IDU;2386;2386;1000041;NP-121;CAJA DE INSPECCIÓN DOBLE PARA CANALIZACIÓN NORMA CODENSA CS 276 ACTUALIZADA A LA NORMA CODENSA 2018  (ZVerde. Incluye Base, Muros, Pañete, Marco y Tapas).;UN;1;0;0;1;1961978;1961978;ORIENTAL;CS276 No. 155;CS276 No. 155;525251;TRAMO 2;Construcción de caja codensa tipo CS 276 número 155. Largo 1.49 mts ancho 1.19 mts altura 1.7 mts-ABS:2,386.00-2,386.00;2
50257;71;270;6.REDES DE ACUEDUCTO;IDU;2070;2070;1000259;NP-487;"RETIRO TAPAS Y DEMOLICIÓN DE CONCRETO ESTRUCTURAL PARA 
RENIVELACION DE CÁMARAS RED MATRÍZ CON ACCESORIOS Y TUBERIA 
EN FUNCIONAMIENTO ";M3;1.36;0.8;0;1.09;1768228;1927369;ORIENTAL;CAMPAMENTO;CAMPAMENTO;525254;TRAMO 2;"""NP-487RETIRO TAPAS Y DEMOLICIÓN DE CONCRETO ESTRUCTURAL PARA 
RENIVELACION DE CÁMARAS RED MATRÍZ CON ACCESORIOS Y TUBERIA 
EN FUNCIONAMIENTO REDES  DE ACUEDUCTO""
-ABS:2,070.00-2,070.00";2
50256;71;270;6.REDES DE ACUEDUCTO;IDU;2070;2070;1000259;NP-486;"SUMINISTRO E INSTACION DE PROTECCION EN MADERA Y METAL PARA TUBERIA DE 60"" Y ACCESORIOS PARA RENIVELACION DE CAMARAS DE RED MATRIZ EN FUNCIONAMIENTO PARA CONTRATO 1551-2017";M2;2.01;0.8;0;1.61;1834687;2953846;ORIENTAL;CAMPAMENTO;CAMPAMENTO;525254;TRAMO 2;"NP-486SUMINISTRO E INSTACION DE PROTECCION EN MADERA Y METAL PARA TUBERIA DE 60"" Y ACCESORIOS PARA RENIVELACION DE CAMARAS DE RED MATRIZ EN FUNCIONAMIENTO PARA CONTRATO 1551-2017REDES  DE ACUEDUCTO
-ABS:2,070.00-2,070.00";2
50255;71;270;6.REDES DE ACUEDUCTO;IDU;2070;2070;1000259;NP-470;"PASADOR DE ACERO Ø2""SAE (4041) SEGÚN ESPECIFICACION TECNICA Y PROCEDIMIENTO CONSTRUCTIVO PARTICULAR";UN;10;0.8;0;8;190523;1524184;ORIENTAL;CAMPAMENTO;CAMPAMENTO;525254;TRAMO 2;"NP-470PASADOR DE ACERO Ø2""SAE (4041) SEGÚN ESPECIFICACION TECNICA Y PROCEDIMIENTO CONSTRUCTIVO PARTICULARREDES  DE ACUEDUCTO
-ABS:2,070.00-2,070.00";2
50254;71;270;6.REDES DE ACUEDUCTO;IDU;2070;2070;1000259;NP-468;SUMINISTRO E INSTALACIÓN DE CONCRETO  CICLOPEO 60% RAJON D:20 Y 40% CONCRETO DE 3000PSI. SEGÚN ESPECIFICACION TECNICA Y PROCEDIMIENTO CONSTRUCTIVO PARTICULAR;M3;-0.67;0.8;0;-0.54;855723;-462090;ORIENTAL;CAMPAMENTO;CAMPAMENTO;525254;TRAMO 2;"NP-468SUMINISTRO E INSTALACIÓN DE CONCRETO  CICLOPEO 60% RAJON D:20 Y 40% CONCRETO DE 3000PSI. SEGÚN ESPECIFICACION TECNICA Y PROCEDIMIENTO CONSTRUCTIVO PARTICULARREDES  DE ACUEDUCTO
-ABS:2,070.00-2,070.00";2
50253;71;270;6.REDES DE ACUEDUCTO;IDU;2070;2070;1000259;NP-467;SUMINISTRO E INSTALACION NEOPRENO D50 e=12mm b=400mm.  INCLUYE LIMPIEZA DE TUBERIA EN AREA  AFERENTE .SEGÚN ESPECIFICACION TECNICA Y PROCEDIMIENTO CONSTRUCTIVO PARTICULAR;UN;4;0.8;0;3.2;87934;281389;ORIENTAL;CAMPAMENTO;CAMPAMENTO;525254;TRAMO 2;"NP-467SUMINISTRO E INSTALACION NEOPRENO D50 e=12mm b=400mm.  INCLUYE LIMPIEZA DE TUBERIA EN AREA  AFERENTE .SEGÚN ESPECIFICACION TECNICA Y PROCEDIMIENTO CONSTRUCTIVO PARTICULARREDES  DE ACUEDUCTO
-ABS:2,070.00-2,070.00";2
50252;71;270;6.REDES DE ACUEDUCTO;IDU;2070;2070;1000259;NP-465;SUMINISTRO E INSTALACION NEOPRENO N1 9x30x2 INCLUYE LIMPIEZA DE TUBERIA EN AREA  AFERENTE. SEGÚN ESPECIFICACION TECNICA Y PROCEDIMIENTO CONSTRUCTIVO PARTICULAR INCLUYE LIMPIEZA DE TUBERIA EN AREA AFERENTE;UN;274;0.8;0;219.2;87934;19275133;ORIENTAL;CAMPAMENTO;CAMPAMENTO;525254;TRAMO 2;"NP-465SUMINISTRO E INSTALACION NEOPRENO N1 9x30x2 INCLUYE LIMPIEZA DE TUBERIA EN AREA  AFERENTE. SEGÚN ESPECIFICACION TECNICA Y PROCEDIMIENTO CONSTRUCTIVO PARTICULAR INCLUYE LIMPIEZA DE TUBERIA EN AREA AFERENTEREDES  DE ACUEDUCTO
-ABS:2,070.00-2,070.00";2
50251;71;270;6.REDES DE ACUEDUCTO;IDU;2070;2070;1000259;NP-459;SUMINISTRO, MANEJO E INSTALACION DE ACERO PILOTES INCLUYE SOLDADURAS. SEGÚN ESPECIFICACION TECNICA Y PROCEDIMIENTO CONSTRUCTIVO PARTICULAR.;KG;-235.78;0.8;0;-188.62;22361;-4217732;ORIENTAL;CAMPAMENTO;CAMPAMENTO;525254;TRAMO 2;"NP-459SUMINISTRO, MANEJO E INSTALACION DE ACERO PILOTES INCLUYE SOLDADURAS. SEGÚN ESPECIFICACION TECNICA Y PROCEDIMIENTO CONSTRUCTIVO PARTICULAR.REDES  DE ACUEDUCTO
-ABS:2,070.00-2,070.00";2
50250;71;270;6.REDES DE ACUEDUCTO;IDU;2070;2070;1000259;NP-458;ACERO FY 4200KGF/CM2 CAMARA (SUMINISTRO E INSTALACION ACERO FIGURADO. SEGÚN ESPECIFICACION TECNICA Y PROCEDIMIENTO CONSTRUCTIVO PARTICULAR.;KG;5940.89;0.8;0;4752.71;8025;38140498;ORIENTAL;CAMPAMENTO;CAMPAMENTO;525254;TRAMO 2;"NP-458ACERO FY 4200KGF/CM2 CAMARA (SUMINISTRO E INSTALACION ACERO FIGURADO. SEGÚN ESPECIFICACION TECNICA Y PROCEDIMIENTO CONSTRUCTIVO PARTICULAR.REDES  DE ACUEDUCTO
-ABS:2,070.00-2,070.00";2
50249;71;270;6.REDES DE ACUEDUCTO;IDU;2070;2070;1000259;NP-457;SUMINISTRO E INSTALACION CONCRETO DE 2000 PSl SOLADO INCLUYE INSTALACION POR ETAPAS BAJO TUBERIA DE RED MATRIZ. SEGÚN ESPECIFICACION TECNICA Y PROCEDIMIENTO CONSTRUCTIVO PARTICULAR.;M3;5.44;0.8;0;4.35;1115822;4853826;ORIENTAL;CAMPAMENTO;CAMPAMENTO;525254;TRAMO 2;"NP-457SUMINISTRO E INSTALACION CONCRETO DE 2000 PSl SOLADO INCLUYE INSTALACION POR ETAPAS BAJO TUBERIA DE RED MATRIZ. SEGÚN ESPECIFICACION TECNICA Y PROCEDIMIENTO CONSTRUCTIVO PARTICULAR.REDES  DE ACUEDUCTO
-ABS:2,070.00-2,070.00";2
50248;71;270;6.REDES DE ACUEDUCTO;IDU;2070;2070;1000259;NP-456;SUMINISTRO E INSTALACIÓN DE CONCRETO DE 6000PSI TAPA PARA CAMARA - CON FIBRA TIPO NYCON  0.6 KG/M°. SEGÚN ESPECIFICACION TECNICA Y PROCEDIMIENTO CONSTRUCTIVO PARTICULAR.;M3;16.38;0.8;0;13.1;1580296;20701878;ORIENTAL;CAMPAMENTO;CAMPAMENTO;525254;TRAMO 2;"NP-456SUMINISTRO E INSTALACIÓN DE CONCRETO DE 6000PSI TAPA PARA CAMARA - CON FIBRA TIPO NYCON  0.6 KG/M°. SEGÚN ESPECIFICACION TECNICA Y PROCEDIMIENTO CONSTRUCTIVO PARTICULAR.REDES  DE ACUEDUCTO
-ABS:2,070.00-2,070.00";2
50247;71;270;6.REDES DE ACUEDUCTO;IDU;2070;2070;1000259;NP-455;"SUMINISTRO E INSTALACIÓN DE CONCRETO 4000 PSI RELACIÓN AGUA MATERIAL CEMENTANTE DE &lt; 0,45 IMPERMEABILIZADO INTEGRALMENTE  TIPO PENETRON ADMIX AL 0.8% DEL PESO DEL CEMENTO PARA MUROS, VIGA Y PLACA INFERIOR  INCLUYE INSTALACION Y FORMALETA. SEGÚN ESPECIFICACION TECNICA Y PROCEDIMIENTO CONSTRUCTIVO PARTICULAR";M3;23.52;0.8;0;18.82;1514339;28499860;ORIENTAL;CAMPAMENTO;CAMPAMENTO;525254;TRAMO 2;"NP-455SUMINISTRO E INSTALACIÓN DE CONCRETO 4000 PSI RELACIÓN AGUA MATERIAL CEMENTANTE DE < 0,45 IMPERMEABILIZADO INTEGRALMENTE  TIPO PENETRON ADMIX AL 0.8% DEL PESO DEL CEMENTO PARA MUROS, VIGA Y PLACA INFERIOR  INCLUYE INSTALACION Y FORMALETA. SEGÚN ESPECIFICACION TECNICA Y PROCEDIMIENTO CONSTRUCTIVO PARTICULARREDES  DE ACUEDUCTO
-ABS:2,070.00-2,070.00";2
50246;71;270;6.REDES DE ACUEDUCTO;IDU;2070;2070;1000259;NP-454;"SUMINISTRO E INSTALACION DE ANGULO 2""X2""X1/4 PARA TAPAS INCLUYE CORTE, SOLDADURAS Y ACERO DE FIJACION E INSTALACION. SEGÚN ESPECIFICACION TECNICA Y PROCEDIMIENTO CONSTRUCTIVO PARTICULAR";ML;223.94;0.8;0;179.15;149867;26848673;ORIENTAL;CAMPAMENTO;CAMPAMENTO;525254;TRAMO 2;"NP-454SUMINISTRO E INSTALACION DE ANGULO 2""X2""X1/4 PARA TAPAS INCLUYE CORTE, SOLDADURAS Y ACERO DE FIJACION E INSTALACION. SEGÚN ESPECIFICACION TECNICA Y PROCEDIMIENTO CONSTRUCTIVO PARTICULARREDES  DE ACUEDUCTO
-ABS:2,070.00-2,070.00";2
50245;71;270;6.REDES DE ACUEDUCTO;IDU;2070;2070;1000259;NP-453;TAPA CHOROTE SUMINISTRO E INSTALACION. SEGÚN ESPECIFICACION TECNICA Y PROCEDIMIENTO CONSTRUCTIVO PARTICULAR;UN;4;0.8;0;3.2;1428084;4569869;ORIENTAL;CAMPAMENTO;CAMPAMENTO;525254;TRAMO 2;"NP-453TAPA CHOROTE SUMINISTRO E INSTALACION. SEGÚN ESPECIFICACION TECNICA Y PROCEDIMIENTO CONSTRUCTIVO PARTICULARREDES  DE ACUEDUCTO
-ABS:2,070.00-2,070.00";2
50244;71;270;6.REDES DE ACUEDUCTO;IDU;2070;2070;1000259;NP-452;ESCALERA DE GATO SUMINISTRO E INSTALACION. SEGÚN ESPECIFICACION TECNICA Y PROCEDIMIENTO CONSTRUCTIVO PARTICULAR;ML;45.05;0.8;0;36.04;660213;23794077;ORIENTAL;CAMPAMENTO;CAMPAMENTO;525254;TRAMO 2;"NP-452ESCALERA DE GATO SUMINISTRO E INSTALACION. SEGÚN ESPECIFICACION TECNICA Y PROCEDIMIENTO CONSTRUCTIVO PARTICULARREDES  DE ACUEDUCTO
-ABS:2,070.00-2,070.00";2
50243;71;270;6.REDES DE ACUEDUCTO;IDU;2070;2070;1000259;NP-451;SUMINISTRO E INSTALACION DE GANCHOS DE IZAJE PARA TAPAS DE 1” SEGÚN ESPECIFICACION TECNICA Y PROCEDIMIENTO CONSTRUCTIVO PARTICULAR.;UN;47;0.8;0;37.6;159321;5990470;ORIENTAL;CAMPAMENTO;CAMPAMENTO;525254;TRAMO 2;"NP-451SUMINISTRO E INSTALACION DE GANCHOS DE IZAJE PARA TAPAS DE 1” SEGÚN ESPECIFICACION TECNICA Y PROCEDIMIENTO CONSTRUCTIVO PARTICULAR.REDES  DE ACUEDUCTO
-ABS:2,070.00-2,070.00";2
50242;71;270;6.REDES DE ACUEDUCTO;IDU;2070;2070;1000259;NP-450;SUMINISTRO E INSTALACION TAPA DE SEGURIDAD ACCESO (NORMA ACUEDUCTO NP 013) SEGÚN ESPECIFICACION TECNICA Y PROCEDIMIENTO CONSTRUCTIVO PARTICULAR.;UN;7;0.8;0;5.6;3370618;18875461;ORIENTAL;CAMPAMENTO;CAMPAMENTO;525254;TRAMO 2;"NP-450SUMINISTRO E INSTALACION TAPA DE SEGURIDAD ACCESO (NORMA ACUEDUCTO NP 013) SEGÚN ESPECIFICACION TECNICA Y PROCEDIMIENTO CONSTRUCTIVO PARTICULAR.REDES  DE ACUEDUCTO
-ABS:2,070.00-2,070.00";2
50241;71;270;6.REDES DE ACUEDUCTO;IDU;2070;2070;1000259;NP-449;SUMINISTRO E INSTALACION DE CINTA SELLADORA TIPO VINYLEX RB4 0 EQUIVALENTE 15CM. SEGÚN ESPECIFICACION TECNICA Y PROCEDIMIENTO CONSTRUCTIVO PARTICULAR.;ML;50.8;0.8;0;40.64;205077;8334329;ORIENTAL;CAMPAMENTO;CAMPAMENTO;525254;TRAMO 2;"NP-449SUMINISTRO E INSTALACION DE CINTA SELLADORA TIPO VINYLEX RB4 0 EQUIVALENTE 15CM. SEGÚN ESPECIFICACION TECNICA Y PROCEDIMIENTO CONSTRUCTIVO PARTICULAR.REDES  DE ACUEDUCTO
-ABS:2,070.00-2,070.00";2
50240;71;270;6.REDES DE ACUEDUCTO;IDU;2070;2070;1000259;NP-448;SUMINISTRO E INSTALACION CORDON DE ESPUMA DE POLIETILENO DE BAJA DENSIDAD ROD 1/2”. SEGÚN ESPECIFICACION TECNICA Y PROCEDIMIENTO CONSTRUCTIVO PARTICULAR.;ML;473.36;0.8;0;378.69;20207;7652189;ORIENTAL;CAMPAMENTO;CAMPAMENTO;525254;TRAMO 2;"NP-448SUMINISTRO E INSTALACION CORDON DE ESPUMA DE POLIETILENO DE BAJA DENSIDAD ROD 1/2”. SEGÚN ESPECIFICACION TECNICA Y PROCEDIMIENTO CONSTRUCTIVO PARTICULAR.REDES  DE ACUEDUCTO
-ABS:2,070.00-2,070.00";2
50239;71;270;6.REDES DE ACUEDUCTO;IDU;2070;2070;1000259;NP-447;SUMINISTRO E INSTALACION DE SELLO ELASTICO O EQUIVALENTE TIPO FLEXTHANE. SEGÚN ESPECIFICACION TECNICA Y PROCEDIMIENTO CONSTRUCTIVO PARTICULAR.;ML;468.36;0.8;0;374.69;76607;28703877;ORIENTAL;CAMPAMENTO;CAMPAMENTO;525254;TRAMO 2;"NP-447SUMINISTRO E INSTALACION DE SELLO ELASTICO O EQUIVALENTE TIPO FLEXTHANE. SEGÚN ESPECIFICACION TECNICA Y PROCEDIMIENTO CONSTRUCTIVO PARTICULAR.REDES  DE ACUEDUCTO
-ABS:2,070.00-2,070.00";2
50238;71;270;6.REDES DE ACUEDUCTO;IDU;2070;2070;1000259;NP-446;"PILOTE PRE EXCAVADO  D= 0.5 CONCRETO TREMI 4000 PSI CON VELOCIDAD DE EXCAVACION CONTROLADA. INCLUYE: MOVILIZACION DE EQUIPOS; RETIRO DE LODOS; CONTROL TOPOGRAFICO DE LA TUBERIA DE RED MATRIZ. SEGÚN ESPECIFICACION TECNICA Y PROCEDIMIENTO CONSTRUCTIVO PARTICULAR.";ML;38.35;0.8;0;30.68;705754;21652533;ORIENTAL;CAMPAMENTO;CAMPAMENTO;525254;TRAMO 2;"NP-446PILOTE PRE EXCAVADO  D= 0.5 CONCRETO TREMI 4000 PSI CON VELOCIDAD DE EXCAVACION CONTROLADA. INCLUYE: MOVILIZACION DE EQUIPOS; RETIRO DE LODOS; CONTROL TOPOGRAFICO DE LA TUBERIA DE RED MATRIZ. SEGÚN ESPECIFICACION TECNICA Y PROCEDIMIENTO CONSTRUCTIVO PARTICULAR.REDES  DE ACUEDUCTO
-ABS:2,070.00-2,070.00";2
50237;71;270;6.REDES DE ACUEDUCTO;IDU;2070;2070;1000259;NP-445;PROTECCION CON LAMINAS TIPO LEGO,LAPICES Y VIGAS IPE) SUMINISTRO E INSTALACION. SEGÚN ESPECIFICACION TECNICA Y PROCEDIMIENTO CONSTRUCTIVO PATICULAR.;M2;156.42;0.8;0;125.14;83427;10440055;ORIENTAL;CAMPAMENTO;CAMPAMENTO;525254;TRAMO 2;"NP-445PROTECCION CON LAMINAS TIPO LEGO ,LAPICES Y VIGAS IPE) SUMINISTRO E INSTALACION. SEGÚN ESPECIFICACION TECNICA Y PROCEDIMIENTO CONSTRUCTIVO PATICULAR.REDES  DE ACUEDUCTO
-ABS:2,070.00-2,070.00";2
50236;71;270;6.REDES DE ACUEDUCTO;IDU;2070;2070;1000259;NP-444;RETIRO TAPA Y DEMOLICION MAMPOSTERIA EXISTENTE CON EQUIPO MANUAL Y EXCAVACION MIXTA - MECANICA A 0.6M DE PROFUNDIDAD Y MANUAL  HASTA 3.5 M INCLUYE RETROEXCAVADORA CORTE, RETIRO DE PAVIMENTO  Y PROTECCION DE TUBERIA Y ACCESORIOS. SEGÚN ESPECIFICACION TECNICA Y PROCEDIMIENTO CONSTRUCTIVO PARTICULAR;M3;354.77;0.8;0;283.82;75843;21525760;ORIENTAL;CAMPAMENTO;CAMPAMENTO;525254;TRAMO 2;"NP-444RETIRO TAPA Y DEMOLICION MAMPOSTERIA EXISTENTE CON EQUIPO MANUAL Y EXCAVACION MIXTA - MECANICA A 0.6M DE PROFUNDIDAD Y MANUAL  HASTA 3.5 M INCLUYE RETROEXCAVADORA CORTE, RETIRO DE PAVIMENTO  Y PROTECCION DE TUBERIA Y ACCESORIOS. SEGÚN ESPECIFICACION TECNICA Y PROCEDIMIENTO CONSTRUCTIVO PARTICULARREDES  DE ACUEDUCTO
-ABS:2,070.00-2,070.00";2
50188;71;270;4.ESPACIO PUBLICO;IDU;2070;2070;1000259;4.37.;IMPRIMACIÓN CON EMULSIÓN ASFÁLTICA CRR-1 (Suministro, Barrido Superficie y Riego);M2;-235.36;0;0;-235.36;1478;-347862;ORIENTAL;CAMPAMENTO;CAMPAMENTO;525254;TRAMO 2;"4.37.IMPRIMACIÓN CON EMULSIÓN ASFÁLTICA CRR-1 (Suministro, Barrido Superficie y Riego)
-ABS:2,070.00-2,070.00";2
50187;71;270;4.ESPACIO PUBLICO;IDU;2070;2070;1000259;4.35.;MEZCLA ASFALTICA EN CALIENTE TIPO DENSO MD12 ASF CONVENCIONAL (Suministro, Extendido y Nivelación Manual y Compactación);M3;-2.8;0;0;-2.8;632373;-1770644;ORIENTAL;CAMPAMENTO;CAMPAMENTO;525254;TRAMO 2;"4.35.MEZCLA ASFALTICA EN CALIENTE TIPO DENSO MD12 ASF CONVENCIONAL (Suministro, Extendido y Nivelación Manual y Compactación)
-ABS:2,070.00-2,070.00";2
50175;71;270;4.ESPACIO PUBLICO;IDU;2070;2070;1000259;4.03.;PISO EN ADOQUIN DE CONCRETO A25 20x10x6cm (Suministro e Instalación. Incluye Base 3cm Arena Nivelación y Arena de Sello);M2;529.46;0;0;529.46;54194;28693555;ORIENTAL;CAMPAMENTO;CAMPAMENTO;525254;TRAMO 2;"4.03.PISO EN ADOQUIN DE CONCRETO A25 20x10x6cm (Suministro e Instalación. Incluye Base 3cm Arena Nivelación y Arena de Sello)ESPACIO PÚBLICO
-ABS:2,070.00-2,070.00";2
50173;71;270;4.ESPACIO PUBLICO;IDU;2070;2070;1000259;4.01.;PISO EN ADOQUIN DE ARCILLA 20x10x6cm (Suministro e Instalación. Incluye Base 3cm Arena Nivelacion y Arena de Sello);M2;717.95;0;0;717.95;42399;30440362;ORIENTAL;CAMPAMENTO;CAMPAMENTO;525254;TRAMO 2;"4.01.PISO EN ADOQUIN DE ARCILLA 20x10x6cm (Suministro e Instalación. Incluye Base 3cm Arena Nivelacion y Arena de Sello)ESPACIO PÚBLICO
-ABS:2,070.00-2,070.00";2
50164;71;269;4.ESPACIO PUBLICO;IDU;1346.3;1407.2;1007124;4.56.;SIEMBRA DE GRAMA (incluye Suministro e Instalación. Incluye 10cm de Tierra Negra);M2;46.7;0.82;0;38.29;13591;520399;ORIENTAL;Calle 183;Calle 185B;92086837;TRAMO 2;Siembra de cesped calzada oriental franja de zona verde -ABS:1,346.30-1,407.20;2
50102;71;269;4.ESPACIO PUBLICO;IDU;960;1050;1001222;4.40.;BOLARDO EN HIERRO TIPO M63 (Suministro e Instalación. Incluye base en Concreto 3000 PSI premezclado);UN;14;0;0;14;145528;2037392;ORIENTAL;KR 9 CL 180 A CL 181;KR 9 CL 180 A CL 181;91042461;TRAMO 1;Instalación de bolardos espacio público -ABS:960.00-1,050.00;2
50094;71;268;14.ENSAYOS DE LABORATORIO;IDU;2070;2070;1000259;NP-237;MEDICIÓN DE PERFIL LONGITUDINAL, TRANSVERSAL Y DE MACROTEXTURA  EN ESTRUCTURA DE PAVIMENTO CON PERFILÓMETRO LASER Y DETERMINACIÓN DEL ÍNDICE DE RUGOSIDAD INTERNACIONAL -IRI-, IRREGULARIDAD SUPERFICIAL;Km-Car;8;0;0;8;192303;1538424;ORIENTAL;CAMPAMENTO;CAMPAMENTO;525254;TRAMO 2;MEDICIÓN DE PERFIL LONGITUDINAL, TRANSVERSAL Y DE MACROTEXTURA  EN ESTRUCTURA DE PAVIMENTO CON PERFILÓMETRO LASER Y DETERMINACIÓN DEL ÍNDICE DE RUGOSIDAD INTERNACIONAL -IRI-, IRREGULARIDAD SUPERFICIAL;2
50093;71;268;14.ENSAYOS DE LABORATORIO;IDU;2070;2070;1000259;NP-236;MEDIDA DEL COEFICIENTE DE RESISTENCIA AL DESLIZAMIENTO USANDO EL PÉNDULO BRITÁNICO;UN;81;0;0;81;44976;3643056;ORIENTAL;CAMPAMENTO;CAMPAMENTO;525254;TRAMO 2;MEDIDA DEL COEFICIENTE DE RESISTENCIA AL DESLIZAMIENTO USANDO EL PÉNDULO BRITÁNICO;2
50092;71;269;4.ESPACIO PUBLICO;IDU;677;677;1001300;4.62.;PROTECTOR DE ARBOL DE DOS TUBOS TIPO M91 (Incluye Suministro e Instalación. No Incluye bases);UN;4;0;0;4;149225;596900;ORIENTAL;Contenedor #288;Contenedor #288;92086799;TRAMO 1;Instalación de protectores de árbol contenedor cll 175 occidental -ABS:677.00-677.00;2
50084;71;268;4.ESPACIO PUBLICO;IDU;24;503;1001348;4.62.;PROTECTOR DE ARBOL DE DOS TUBOS TIPO M91 (Incluye Suministro e Instalación. No Incluye bases);UN;10;0;0;10;149225;1492250;OCCIDENTAL;KR 9 CL 172 A CL 173;KR 9 CL 172 A CL 173;92086810;TRAMO 1;Instalación de protectores de árbol (K0+455---K0+503)-ABS:24.00-503.00;2
50083;71;268;4.ESPACIO PUBLICO;IDU;24;503;1001348;4.62.;PROTECTOR DE ARBOL DE DOS TUBOS TIPO M91 (Incluye Suministro e Instalación. No Incluye bases);UN;46;0;0;46;149225;6864350;OCCIDENTAL;KR 9 CL 172 A CL 173;KR 9 CL 172 A CL 173;92086810;TRAMO 1;Instalación de protectores de árbol (K0+024---K0+336-ABS:24.00-503.00;2
50075;71;268;4.ESPACIO PUBLICO;IDU;0;1288;1001082;NP-011;CANECA DE ACERO INOXIDABLE TIPO BARCELONA (SUMINISTRO E INSTALACIÓN. INCLUYE CONCRETO PARA ANCLAJE DE 3000 PSI PREMEZCLADO GRAVA COMÚN.;UN;31;0;0;31;444138;13768278;OCCIDENTAL;KR 9 CL 170 A CL 183;KR 9 CL 170 A CL 183;92086808;TRAMO 1;Instalación de canecas para residuos -ABS:0.00-1,288.00;2
49989;71;268;4.ESPACIO PUBLICO;IDU;365;460;1001348;4.62.;PROTECTOR DE ARBOL DE DOS TUBOS TIPO M91 (Incluye Suministro e Instalación. No Incluye bases);UN;22;0;0;22;149225;3282950;ORIENTAL;Contenedor #353;Contenedor #324;92086798;TRAMO 1;Instalación de protectores de árbol -ABS:365.00-460.00;2
49979;71;269;9.SEÑALIZACION, DEMARCACION Y SEMAFORIZACIÓN;IDU;0;1282;1001082;9.27.;"SEÑAL PREVENTIVA, REGLAMENTARIA E INFORMATIVA  DE 45cm , SUMINISTRO E INSTALACIÓN,  LÁMINA GALVANIZADA C-16 Y REFLECTIVO GRADO INGENIERIA, CON TUBO DE GALVANIZADO DE 2"" DE DÍAMETRO (Incluye cimentación en concreto de 3500 psi premezclado)";UN;41;0;0;41;389615;15974215;OCCIDENTAL;KR 9 CL 170A CL 183;KR 9 CL 170A CL 183;35001058;TRAMO 1;Instalación de señales de transito sobre ciclo ruta -ABS:0.00-1,282.00;2
49977;71;268;9.SEÑALIZACION, DEMARCACION Y SEMAFORIZACIÓN;IDU;0;1290;1001082;9.20.;TACHA REFLECTIVA UNIDIRECCIONAL (Incluye Suministro e Instalación);UN;412;0;0;412;10215;4208580;OCCIDENTAL;KR 9 CL 181 A CL 181C;KR 9 CL 181 A CL 181C;91062406;TRAMO 1;Instalación de tachas reflectivas para líneas carriles calzada occidental -ABS:0.00-1,290.00;2
49974;71;269;9.SEÑALIZACION, DEMARCACION Y SEMAFORIZACIÓN;IDU;5;5;1001382;9.51.;CABLE ELÉCTRICO 3x16 AWG PARA CONTROL DE SEMÁFOROS PEATONALES TIPO ST CU 600V 75°C. SUMINISTRO E INSTALACIÓN.;ML;554.3;0;0;554.3;7863;4358461;OCCIDENTAL;CALLE 170;AV 9;91042440;TRAMO 1;"cable AWG 3x16
";2
49973;71;269;9.SEÑALIZACION, DEMARCACION Y SEMAFORIZACIÓN;IDU;5;5;1001382;9.50.;CABLE ELÉCTRICO 4x16 AWG PARA CONTROL DE SEMÁFOROS VEHICULARES TIPO ST CU 600V 75°C. SUMINISTRO E INSTALACIÓN.;ML;800.9;0;0;800.9;8919;7143227;OCCIDENTAL;CALLE 170;AV 9;91042440;TRAMO 1;"cable AWG 4x16
";2
49971;71;269;8.CODENSA REDES SECAS;IDU;2318;2328;1000131;8.08.;RELLENO EN MATERIAL SELECCIONADO PROVENIENTE DE LA EXCAVACIÓN (Extendido manual, Humedecimiento y Compactación);M3;9.6;0.4;0.32;1.23;20154;24789;ORIENTAL;Caja etb ;Caja semaforización ;525263;TRAMO 2;Relleno de excavación con sub base granular reciclada tipo C -ABS:2,318.00-2,328.00;2
49970;71;269;9.SEÑALIZACION, DEMARCACION Y SEMAFORIZACIÓN;IDU;2318;2328;1000131;9.46.;"1 DUCTO D=3"" PVC-TDP (Incluye Suministro e Instalación. No Incluye Rellenos) NORMA CS220.";ML;10;0;0;10;12675;126750;ORIENTAL;Caja etb ;Caja semaforización ;525263;TRAMO 2;"Instalación de un tubo de PVC de 3""-ABS:2,318.00-2,328.00";2
49969;71;269;9.SEÑALIZACION, DEMARCACION Y SEMAFORIZACIÓN;IDU;2318;2328;1000131;9.38.;EXCAVACION MANUAL PARA REDES PROFUNDIDAD 0m - 2m (Incluye Cargue);M3;9.6;0.4;0.5;1.92;23261;44661;ORIENTAL;Caja etb ;Caja semaforización ;525263;TRAMO 2;Excavación manual para instalación de tubería de semaforización -ABS:2,318.00-2,328.00;2
49967;71;268;4.ESPACIO PUBLICO;IDU;1949;1955;1006819;NP-010;BARANDA METÁLICA M81 (instalado y pintado);m;12.75;0;0;12.75;219074;2793194;OCCIDENTAL;Calle 189;Calle 191;92086834;TRAMO 2;Instalación de barandas metálicas en cabezal Canaima costado occidental -ABS:1,949.00-1,955.00;2
49966;71;268;4.ESPACIO PUBLICO;IDU;1871.2;1945;1000396;NP-010;BARANDA METÁLICA M81 (instalado y pintado);m;73.5;0;0;73.5;219074;16101939;OCCIDENTAL;Calle 188 bis;Calle 189;92086818;TRAMO 2;Instalación de barandas metálicas en espacio público calzada occidental margen izquierdo -ABS:1,871.20-1,945.00;2
49965;71;269;4.ESPACIO PUBLICO;IDU;1500;1513;1006360;NP-010;BARANDA METÁLICA M81 (instalado y pintado);m;13.41;0;0;13.41;219074;2937782;OCCIDENTAL;Calle 183;Calle 185B;92086827;TRAMO 2;Instalación de barandas metálicas en rampa peatonal -ABS:1,500.00-1,513.00;2
49950;71;269;9.SEÑALIZACION, DEMARCACION Y SEMAFORIZACIÓN;IDU;5;5;1001382;9.56.;POSTE TIPO MENSULA T2 (6.50m) EN TUBO SCH 40 GALVANIZADO Y PINTADO. SUMINISTRO E INSTALACIÓN.;UN;2;0;0;2;1923910;3847820;OCCIDENTAL;CALLE 170;AV 9;91042440;TRAMO 1;"instalacion de poste T2 de 6.5-ABS:5.00-5.00
";2
49949;71;269;9.SEÑALIZACION, DEMARCACION Y SEMAFORIZACIÓN;IDU;5;5;1001382;NP-423;POSTE TIPO MENSULA T2 (4.50M) EN TUBO SCH 40 GALVANIZADO Y PINTADO. SUMINISTRO E INSTALACIÓN.;UND;1;0;0;1;3543911;3543911;OCCIDENTAL;CALLE 170;AV 9;91042440;TRAMO 1;Instalacion de porte T2 de 4.5-ABS:5.00-5.00;2
49948;71;269;9.SEÑALIZACION, DEMARCACION Y SEMAFORIZACIÓN;IDU;5;5;1001382;NP-160;SUMINISTRO E INSTALACION DE POSTE TIPO MÁSTIL (T1) DE 3,80M;UN;4;0;0;4;1346604;5386416;OCCIDENTAL;CALLE 170;AV 9;91042440;TRAMO 1;"Instalacion de poste T1-ABS:5.00-5.00
";2
49947;71;269;9.SEÑALIZACION, DEMARCACION Y SEMAFORIZACIÓN;IDU;5;5;1001382;9.59.;"SEMÁFORO PEATONAL DE POLICARBONATO (2x200), LENTES DE POLICARBONATO DE 8"", DOS LUCES, SISTEMA DE ILUMINACIÓN A LEDS. SUMINISTRO E INSTALACIÓN.";UN;8;0;0;8;2316409;18531272;OCCIDENTAL;CALLE 170;AV 9;91042440;TRAMO 1;"Instalacion de semáforos S3-ABS:5.00-5.00
";2
49946;71;269;9.SEÑALIZACION, DEMARCACION Y SEMAFORIZACIÓN;IDU;5;5;1001382;9.58.;"SEMÁFORO VEHICULAR DE POLICARBONATO (3x200), LENTES DE POLICARBONATO DE 8"", TRES LUCES, SISTEMA DE ILUMINACIÓN A LEDS. SUMINISTRO E INSTALACIÓN.";UN;3;0;0;3;3180162;9540486;OCCIDENTAL;CALLE 170;AV 9;91042440;TRAMO 1;"instalacion de semáforos S2 -ABS:5.00-5.00
";2
49945;71;269;9.SEÑALIZACION, DEMARCACION Y SEMAFORIZACIÓN;IDU;5;5;1001382;9.60.;"SEMAFORO VEHICULAR DE POLICARBONATO (3x200) LENTES DE POLICARBONATO DE 8"" TRES LUCES, SISTEMA DE ILUMINACIÓN A LEDS, TIPO MASTIL. INCLUYE ELEMENTOS DE FIJACION.";UN;3;0;0;3;3214494;9643482;OCCIDENTAL;CALLE 170;AV 9;91042440;TRAMO 1;"Instalacion de semáforos S1-ABS:5.00-5.00
";2
49944;71;268;4.ESPACIO PUBLICO;IDU;8;40;1001385;4.56.;SIEMBRA DE GRAMA (incluye Suministro e Instalación. Incluye 10cm de Tierra Negra);M2;32;4;0;128;13591;1739648;CENTRAL;KR 9 CL 170 A CL 172;KR 9 CL 170 A CL 172;503550;TRAMO 1;Instalación de cesped para pradizacion -ABS:8.00-40.00;2
49936;71;268;4.ESPACIO PUBLICO;IDU;1186;1287;1001035;4.62.;PROTECTOR DE ARBOL DE DOS TUBOS TIPO M91 (Incluye Suministro e Instalación. No Incluye bases);UN;44;0;0;44;149225;6565900;ORIENTAL;KR 9 CL 182 A CL 183;KR 9 CL 182 A CL 183;525267;TRAMO 1;Instalación de protectores de árbol contenedores grandes -ABS:1,186.00-1,287.00;2
49922;71;268;9.SEÑALIZACION, DEMARCACION Y SEMAFORIZACIÓN;IDU;1164;1164;1001038;NP-419;SEGREGADOR BICICLETA (TACHON PLASTICO O CAUCHO ALTA RESISTENCIA COMO POLIPROPILENO DE ALTO IMPACTO, CON ESTRUCTURA DE REFUERZO, ELEMENTOS REFLECTIVOS DE ALTA EFICIENCIA. TIPO TRANSMILENIO 40.5CMX15CMX8.5CM). SUMIN. E INSTAL.;UND;49;0;0;49;46817;2294033;ORIENTAL;CL 182 KR 9;CL 182 KR 9;600019;TRAMO 1;Instalación de tachas amarilla -ABS:1,164.00-1,164.00;2
49920;71;268;4.ESPACIO PUBLICO;IDU;1050;1075;1001082;4.40.;BOLARDO EN HIERRO TIPO M63 (Suministro e Instalación. Incluye base en Concreto 3000 PSI premezclado);UN;4;0;0;4;145528;582112;ORIENTAL;KR 9 CL 181 A CL 181C;KR 9 CL 181 A CL 181C;92086800;TRAMO 1;Instalación de bolardos entre la cll 181 y cll 182-ABS:1,050.00-1,075.00;2
49912;71;268;4.ESPACIO PUBLICO;IDU;746;756;1001300;4.62.;PROTECTOR DE ARBOL DE DOS TUBOS TIPO M91 (Incluye Suministro e Instalación. No Incluye bases);UN;8;0;0;8;149225;1193800;ORIENTAL;Contenedor #279;Contenedor #274;92086799;TRAMO 1;Instalación de protectores de árbol -ABS:746.00-756.00;2
49904;71;268;9.SEÑALIZACION, DEMARCACION Y SEMAFORIZACIÓN;IDU;13;36;1001382;NP-419;SEGREGADOR BICICLETA (TACHON PLASTICO O CAUCHO ALTA RESISTENCIA COMO POLIPROPILENO DE ALTO IMPACTO, CON ESTRUCTURA DE REFUERZO, ELEMENTOS REFLECTIVOS DE ALTA EFICIENCIA. TIPO TRANSMILENIO 40.5CMX15CMX8.5CM). SUMIN. E INSTAL.;UND;44;0;0;44;46817;2059948;OCCIDENTAL;KR 9 CL 170 A CL 172;KR 9 CL 170 A CL 172;503549;TRAMO 1;Instalación de tachas -ABS:13.00-36.00;2
49810;71;268;4.ESPACIO PUBLICO;IDU;2328.5;2334;1000131;1.03.;EXCAVACION MANUAL EN MATERIAL COMUN. Incluye cargue.;M3;38;0.6;0.3;6.84;23261;159105;ORIENTAL;Calle 192;Calle 193;525262;TRAMO 2;"Excavación manual para siembra de plantas cerca viva calle 183 costado occidental -ABS:1,321.00-1,349.00
-Movido desde Reporte 31143_13/02/26
-Movido desde Reporte 30929_13/02/26
-Movido desde Reporte 30929_13/02/26
-Movido desde Reporte 30929_13/02/26
-Movido desde Reporte 30929_13/02/26";2
49809;71;268;4.ESPACIO PUBLICO;IDU;2368.5;2383;1000041;4.19.;FRANJA DE AJUSTE EN CONCRETO 3000 PSI e= 10 CM  ANCHO ENTRE 12-20CM;ML;12.2;0;0;12.2;10121;123476;ORIENTAL;Calle 192;Calle 193;525251;TRAMO 2;Fundida en concreto de cinta de ajuste entre rejilla A-128 y bordillo A80 de confinamiento -ABS:2,368.50-2,383.00;2
49808;71;268;4.ESPACIO PUBLICO;IDU;2368.5;2383;1000041;4.18.;REJILLA PREFABRICADA EN CONCRETO 0,4m x 0,4m. (Incluye suministro y colocación, mortero de 2000 PSI y mano de obra);UN;50;0;0;50;35162;1758100;ORIENTAL;Calle 192;Calle 193;525251;TRAMO 2;Instalación de rejillas en concreto prefabricado A-128 en cárcamo pluvial de edificio caminos del norte. Largo 0.4 mts ancho 0.4 mts. -ABS:2,368.50-2,383.00;2
49740;71;268;4.ESPACIO PUBLICO;IDU;854;854;1001300;NP-362;LIGUSTRO  H=1.5mt (Incluye tierra, abono, tutor, transporte y disposición final de escombros a 28 km). SUMINISTRO Y PLANTACION.;UND;1;0;0;1;133957;133957;OCCIDENTAL;Contenedor #256;Contenedor #256;92086809;TRAMO 1;Instalación de árbol Ligusto -ABS:854.00-854.00;2
49737;71;268;4.ESPACIO PUBLICO;IDU;862;862;1001300;NP-362;LIGUSTRO  H=1.5mt (Incluye tierra, abono, tutor, transporte y disposición final de escombros a 28 km). SUMINISTRO Y PLANTACION.;UND;1;0;0;1;133957;133957;OCCIDENTAL;Contenedor #252;Contenedor #252;92086809;TRAMO 1;Instalación de árbol Ligusto -ABS:862.00-862.00;2
49729;71;268;4.ESPACIO PUBLICO;IDU;902;902;1001222;NP-362;LIGUSTRO  H=1.5mt (Incluye tierra, abono, tutor, transporte y disposición final de escombros a 28 km). SUMINISTRO Y PLANTACION.;UND;1;0;0;1;133957;133957;OCCIDENTAL;Contenedor #251;Contenedor #251;92086832;TRAMO 1;Instalación de árbol Ligusto -ABS:902.00-902.00;2
49721;71;268;4.ESPACIO PUBLICO;IDU;907.5;907.5;1001222;NP-362;LIGUSTRO  H=1.5mt (Incluye tierra, abono, tutor, transporte y disposición final de escombros a 28 km). SUMINISTRO Y PLANTACION.;UND;1;0;0;1;133957;133957;OCCIDENTAL;Contenedor #249;Contenedor #249;92086832;TRAMO 1;Instalación de árbol -ABS:907.50-907.50;2
49713;71;268;4.ESPACIO PUBLICO;IDU;931.5;931.5;1001222;NP-362;LIGUSTRO  H=1.5mt (Incluye tierra, abono, tutor, transporte y disposición final de escombros a 28 km). SUMINISTRO Y PLANTACION.;UND;1;0;0;1;133957;133957;OCCIDENTAL;Contenedor #243;Contenedor #243;92086832;TRAMO 1;Instalación de árbol -ABS:931.50-931.50;2
49704;71;268;4.ESPACIO PUBLICO;IDU;2361.1;2386.1;1000041;4.03.;PISO EN ADOQUIN DE CONCRETO A25 20x10x6cm (Suministro e Instalación. Incluye Base 3cm Arena Nivelación y Arena de Sello);M2;57.41;0;0;57.41;54194;3111278;ORIENTAL;Calle 192;Calle 193;525251;TRAMO 2;Instalación de adoquín en concreto -ABS:2,361.10-2,386.10;2
49702;71;268;4.ESPACIO PUBLICO;IDU;2361.1;2386.1;1000041;4.19.;FRANJA DE AJUSTE EN CONCRETO 3000 PSI e= 10 CM  ANCHO ENTRE 12-20CM;ML;3.5;0;0;3.5;10121;35424;ORIENTAL;Calle 192;Calle 193;525251;TRAMO 2;Fundida en concreto de cinta de ajuste de poste y caja cs276-ABS:2,361.10-2,386.10;2
49701;71;268;4.ESPACIO PUBLICO;IDU;2361.1;2386.1;1000041;4.01.;PISO EN ADOQUIN DE ARCILLA 20x10x6cm (Suministro e Instalación. Incluye Base 3cm Arena Nivelacion y Arena de Sello);M2;12.8;0.2;0;2.56;42399;108541;ORIENTAL;Calle 192;Calle 193;525251;TRAMO 2;Instalación de adoquín en arcilla -ABS:2,361.10-2,386.10;2
49700;71;268;4.ESPACIO PUBLICO;IDU;2361.1;2386.1;1000041;4.01.;PISO EN ADOQUIN DE ARCILLA 20x10x6cm (Suministro e Instalación. Incluye Base 3cm Arena Nivelacion y Arena de Sello);M2;10.68;0.8;0;8.54;42399;362087;ORIENTAL;Calle 192;Calle 193;525251;TRAMO 2;Instalación de adoquín en arcilla -ABS:2,361.10-2,386.10;2
49699;71;268;4.ESPACIO PUBLICO;IDU;2361.1;2386.1;1000041;4.01.;PISO EN ADOQUIN DE ARCILLA 20x10x6cm (Suministro e Instalación. Incluye Base 3cm Arena Nivelacion y Arena de Sello);M2;7.58;0.6;0;4.55;42399;192915;ORIENTAL;Calle 192;Calle 193;525251;TRAMO 2;Instalación de adoquín en arcilla -ABS:2,361.10-2,386.10;2
49698;71;268;4.ESPACIO PUBLICO;IDU;2361.1;2386.1;1000041;4.19.;FRANJA DE AJUSTE EN CONCRETO 3000 PSI e= 10 CM  ANCHO ENTRE 12-20CM;ML;12;0;0;12;10121;121452;ORIENTAL;Calle 192;Calle 193;525251;TRAMO 2;Fundida en concreto de cinta de ajuste entre bordillo de confinamiento y rejilla pluvial -ABS:2,361.10-2,386.10;2
49696;71;268;4.ESPACIO PUBLICO;IDU;2361.1;2386.1;1000041;4.28.;ANDEN CONCRETO 3000 PSI (210 Kg/cm2) PREMEZCLADO e=0.10m (Incluye Suministro, Formaleteo, Fundida y Curado);M2;1.5;0.9;0;1.35;52351;70674;ORIENTAL;Calle 192;Calle 193;525251;TRAMO 2;Fundida en concreto de 3.000 PSI de placa de espacio público -ABS:2,361.10-2,386.10;2
49694;71;268;4.ESPACIO PUBLICO;IDU;2361.1;2386.1;1000041;4.28.;ANDEN CONCRETO 3000 PSI (210 Kg/cm2) PREMEZCLADO e=0.10m (Incluye Suministro, Formaleteo, Fundida y Curado);M2;3.1;3.65;0;11.32;52351;592613;ORIENTAL;Calle 192;Calle 193;525251;TRAMO 2;Fundida en concreto de 3.000 PSI de placa de espacio público -ABS:2,361.10-2,386.10;2
49693;71;268;4.ESPACIO PUBLICO;IDU;2361.1;2386.1;1000041;4.23.;ACERO DE REFUERZO (Incluye Suministro, Figurado y Fijación);KG;48;0;0;48;2669;128112;ORIENTAL;Calle 192;Calle 193;525251;TRAMO 2;Acero para estructura de placa espacio público calle 193-ABS:2,361.10-2,386.10;2
49692;71;268;1.PRELIMINARES;IDU;2361.1;2386.1;1000041;1.08.;DEMOLICION PISOS DE CONCRETO (incluye cargue). No incluye transporte y disposición final de sobrantes. Rendimiento estimado para espesores de 0.20m.;M3;1.5;0.9;0.15;0.2;37891;7578;ORIENTAL;Calle 192;Calle 193;525251;TRAMO 2;Demolición manual de placa de concreto reforzado existente calle 193-ABS:2,361.10-2,386.10;2
49691;71;268;1.PRELIMINARES;IDU;2361.1;2386.1;1000041;1.08.;DEMOLICION PISOS DE CONCRETO (incluye cargue). No incluye transporte y disposición final de sobrantes. Rendimiento estimado para espesores de 0.20m.;M3;3.1;3.65;0.15;1.7;37891;64415;ORIENTAL;Calle 192;Calle 193;525251;TRAMO 2;Demolición manual de placa en concreto reforzado existente calle 193-ABS:2,361.10-2,386.10;2
49690;71;268;4.ESPACIO PUBLICO;IDU;2361.1;2386.1;1000041;4.04.;PISOS EN LOSETA PREFABRICADA A55 TÁCTIL ALERTA Y/O A56 GUIA 40x40x6 cm. SUMINISTRO E INSTALACIÓN. (INCLUYE 4cm DE MORTERO 1:5 HECHO EN OBRA PARA BASE Y ARENA DE PEÑA PARA SELLO).;M2;21.4;0.4;0;8.56;72505;620643;ORIENTAL;Calle 192;Calle 193;525251;TRAMO 2;Instalación de loseta táctil de advertencia A55 -ABS:2,361.10-2,386.10;2
49689;71;268;4.ESPACIO PUBLICO;IDU;2361.1;2386.1;1000041;4.04.;PISOS EN LOSETA PREFABRICADA A55 TÁCTIL ALERTA Y/O A56 GUIA 40x40x6 cm. SUMINISTRO E INSTALACIÓN. (INCLUYE 4cm DE MORTERO 1:5 HECHO EN OBRA PARA BASE Y ARENA DE PEÑA PARA SELLO).;M2;8.33;0.4;0;3.33;72505;241442;ORIENTAL;Calle 192;Calle 193;525251;TRAMO 2;Instalación de loseta táctil guía A56 longitudinal -ABS:2,361.10-2,386.10;2
49688;71;268;4.ESPACIO PUBLICO;IDU;2361.1;2386.1;1000041;4.08.;BORDILLO PREFABRICADO A80 (Suministro e Instalación. Incluye 3cm Mortero de Nivelación 1:5);ML;10.68;0;0;10.68;45803;489176;ORIENTAL;Calle 192;Calle 193;525251;TRAMO 2;Instalación de bordillos A80 transversales -ABS:2,361.10-2,386.10;2
49687;71;268;4.ESPACIO PUBLICO;IDU;2361.1;2386.1;1000041;NP-200;SARDINEL PREFABRICADO A81 (Suministro e Instalación. Incluye 3cm Mortero de Nivelación 2000 PSI);m;3.81;0;0;3.81;45614;173789;ORIENTAL;Calle 192;Calle 193;525251;TRAMO 2;Instalación de bordillo A81 longitudinal -ABS:2,361.10-2,386.10;2
49686;71;268;4.ESPACIO PUBLICO;IDU;2361.1;2386.1;1000041;4.08.;BORDILLO PREFABRICADO A80 (Suministro e Instalación. Incluye 3cm Mortero de Nivelación 1:5);ML;9.3;0;0;9.3;45803;425968;ORIENTAL;Calle 192;Calle 193;525251;TRAMO 2;Instalación de bordillo A80 longitudinal línea 1 calle 193-ABS:2,361.10-2,386.10;2
49685;71;268;4.ESPACIO PUBLICO;IDU;2361.1;2386.1;1000041;4.08.;BORDILLO PREFABRICADO A80 (Suministro e Instalación. Incluye 3cm Mortero de Nivelación 1:5);ML;31.2;0;0;31.2;45803;1429054;ORIENTAL;Calle 192;Calle 193;525251;TRAMO 2;Instalación de bordillo A80 de confinamiento oriental -ABS:2,361.10-2,386.10;2
49657;71;268;14.ENSAYOS DE LABORATORIO;IDU;2070;2070;1000259;NP-237;MEDICIÓN DE PERFIL LONGITUDINAL, TRANSVERSAL Y DE MACROTEXTURA  EN ESTRUCTURA DE PAVIMENTO CON PERFILÓMETRO LASER Y DETERMINACIÓN DEL ÍNDICE DE RUGOSIDAD INTERNACIONAL -IRI-, IRREGULARIDAD SUPERFICIAL;Km-Car;8;0;0;8;192303;1538424;ORIENTAL;CAMPAMENTO;CAMPAMENTO;525254;TRAMO 2;"ITEM NP-237_MEDICION DE PERFIL LONGITUDINAL, TRANSVERSAL Y DE MACROTEXTURA EN ESTRUCTURA DE PAVIMENTO CON PERFILOMETRO LASER Y DETERMINACION DEL INDICE DE RIGUROSIDAD INTERNACIONEL -IRI-, IRREGULARIDAD SUPERFICIAL 
-ABS:2,070.00-2,070.00";2
49656;71;268;14.ENSAYOS DE LABORATORIO;IDU;2070;2070;1000259;NP-236;MEDIDA DEL COEFICIENTE DE RESISTENCIA AL DESLIZAMIENTO USANDO EL PÉNDULO BRITÁNICO;UN;57;0;0;57;44976;2563632;ORIENTAL;CAMPAMENTO;CAMPAMENTO;525254;TRAMO 2;"ITEM NP-236_MEDIDA DEL CEFICIENTE DE RESISTENCIA AL DESLIZAMIENTO USANDO PENDULO BRITANICO 
-ABS:2,070.00-2,070.00";2
49655;71;268;14.ENSAYOS DE LABORATORIO;IDU;2070;2070;1000259;NP-217;MÉTODO DE EXTRACCION DE TESTIGOS EN PAVIMENTOS TERMINADOS Y OTRAS OBRAS ESTRUCTURALES;UN;30;0;0;30;71633;2148990;ORIENTAL;CAMPAMENTO;CAMPAMENTO;525254;TRAMO 2;"ITEM NP-217_MÉTODO DE EXTRACCION DE TESTIGOS EN PAVIMENTOS TERMINADOS Y OTRAS OBRAS ESTRUCTURALES
-ABS:2,070.00-2,070.00";2
49654;71;268;14.ENSAYOS DE LABORATORIO;IDU;2070;2070;1000259;9444;PORCENTAJE DE VACÍOS CON AIRE EN MEZCLAS ASFÁLTICAS COMPACTADAS DENSAS Y ABIERTAS;UN;30;0;0;30;113895;3416850;ORIENTAL;CAMPAMENTO;CAMPAMENTO;525254;TRAMO 2;"ITEM 9444_PORCENTAJE DE VACIOS CON AIRE EN MEZCLAS ASFÁLTICAS COMPACTADAS DENSAS Y ABIERTAS
-ABS:2,070.00-2,070.00";2
49653;71;268;14.ENSAYOS DE LABORATORIO;IDU;2070;2070;1000259;9401;RESISTENCIA A LA FLEXIÓN DEL CONCRETO MÉTODO DE LA VIGA SIMPLE CARGADA EN LOS TERCIOS DE LA LUZ;UN;28;0;0;28;50154;1404312;ORIENTAL;CAMPAMENTO;CAMPAMENTO;525254;TRAMO 2;"item 9401_RESISTENCIA A LA FLEXIÓN DEL CONCRETO MÉTODO DE LA VIGA SIMPLE CARGADA EN LOS TERCIOS DE LA LUZ
-ABS:2,070.00-2,070.00";2
49652;71;268;14.ENSAYOS DE LABORATORIO;IDU;2070;2070;1000259;NP-241;ENSAYO DE TRACCION INDIRECTA DE CILINDROS NORMALES DE CONCRETO;UN;28;0;0;28;14636;409808;ORIENTAL;CAMPAMENTO;CAMPAMENTO;525254;TRAMO 2;"item NP-241_ENSAYO DE TRACCION INDIRECTA DE CILINDROS NORMALES DE CONCRETO
-ABS:2,070.00-2,070.00";2
49651;71;268;14.ENSAYOS DE LABORATORIO;IDU;2070;2070;1000259;7542;RESISTENCIA A LA COMPRESIÓN DE CILINDROS DE CONCRETO (MOLDEADOS O NÚCLEOS);UN;24;0;0;24;13894;333456;ORIENTAL;CAMPAMENTO;CAMPAMENTO;525254;TRAMO 2;"item 7542_RESISTENCIA A LA COMPRESIÓN DE CILINDROS DE CONCRETO (MOLDEADOS O NÚCLEOS) 
-ABS:2,070.00-2,070.00";2
49650;71;268;14.ENSAYOS DE LABORATORIO;IDU;2070;2070;1000259;NP-216;DETERMINACIÓN DEL CONTENIDO DE VACÍOS EN AGREGADOS FINOS NO COMPACTADOS (INFLUENCIADO POR LA FORMA DE LAS PARTÍCULAS, LA TEXTURA SUPERFICIAL Y LA GRANULOMETRÍA);UN;6;0;0;6;123394;740364;ORIENTAL;CAMPAMENTO;CAMPAMENTO;525254;TRAMO 2;"item NP-216_DETERMINACIÓN DEL CONTENIDO DE VACÍOS EN AGREGADOS FINOS NO COMPACTADOS (INFLUENCIADO POR LA FORMA DE LAS PARTÍCULAS, LA TEXTURA SUPERFICIAL Y LA GRANULOMETRÍA) 
-ABS:2,070.00-2,070.00";2
49649;71;268;14.ENSAYOS DE LABORATORIO;IDU;2070;2070;1000259;9353;DETERMINACIÓN DE LA RESISTENCIA DEL AGREGADO GRUESO A LA DEGRADACIÓN POR ABRASIÓN, UTILIZANDO EL APARATO MICRO-DEVAL;UN;10;0;0;10;221162;2211620;ORIENTAL;CAMPAMENTO;CAMPAMENTO;525254;TRAMO 2;"item 9353_DETERMINACIÓN DE LA RESISTENCIA DEL AGREGADO GRUESO A LA DEGRADACIÓN POR ABRASIÓN, UTILIZANDO EL APARATO MICRO-DEVAL 
-ABS:2,070.00-2,070.00";2
49648;71;268;14.ENSAYOS DE LABORATORIO;IDU;2070;2070;1000259;7487;VALOR DE AZUL DE METILENO EN AGREGADOS FINOS;UN;13;0;0;13;113623;1477099;ORIENTAL;CAMPAMENTO;CAMPAMENTO;525254;TRAMO 2;"item 7487_VALOR DE AZUL DE METILENO EN AGREGADOS FINOS
-ABS:2,070.00-2,070.00";2
49647;71;268;14.ENSAYOS DE LABORATORIO;IDU;2070;2070;1000259;7744;ÍNDICES DE APLANAMIENTO Y ALARGAMIENTO DE LOS AGREGADOS PARA CARRETERAS;UN;7;0;0;7;80267;561869;ORIENTAL;CAMPAMENTO;CAMPAMENTO;525254;TRAMO 2;"item 7744_ÍNDICES DE APLANAMIENTO Y ALARGAMIENTO DE LOS AGREGADOS PARA CARRETERAS 
-ABS:2,070.00-2,070.00";2
49646;71;268;14.ENSAYOS DE LABORATORIO;IDU;2070;2070;1000259;7743;PORCENTAJE DE PARTÍCULAS FRACTURADAS EN UN AGREGADO GRUESO;UN;10;0;0;10;51205;512050;ORIENTAL;CAMPAMENTO;CAMPAMENTO;525254;TRAMO 2;"item 7743_PORCENTAJE DE PARTÍCULAS FRACTURADAS EN UN AGREGADO GRUESO
-ABS:2,070.00-2,070.00";2
49645;71;268;14.ENSAYOS DE LABORATORIO;IDU;2070;2070;1000259;NP-215;DETERMINACIÓN DEL VALOR DEL 10% DE FINOS;UN;10;0;0;10;213670;2136700;ORIENTAL;CAMPAMENTO;CAMPAMENTO;525254;TRAMO 2;"item NP-215_DETERMINACIÓN DEL VALOR DEL 10% DE FINOS 
-ABS:2,070.00-2,070.00";2
49644;71;268;14.ENSAYOS DE LABORATORIO;IDU;2070;2070;1000259;9346;CANTIDAD DE PARTÍCULAS LIVIANAS EN UN AGREGADO PÉTREO;UN;2;0;0;2;182469;364938;ORIENTAL;CAMPAMENTO;CAMPAMENTO;525254;TRAMO 2;"Item_9346_CANTIDAD DE PARTÍCULAS LIVIANAS EN UN AGREGADO PÉTREO
-ABS:2,070.00-2,070.00";2
49643;71;268;14.ENSAYOS DE LABORATORIO;IDU;2070;2070;1000259;9345;SOLIDEZ DE LOS AGREGADOS FRENTE A LA ACCIÓN DE SOLUCIONES DE SULFATO DE SODIO O DE MAGNESIO;UN;12;0;0;12;253320;3039840;ORIENTAL;CAMPAMENTO;CAMPAMENTO;525254;TRAMO 2;"item 9345_SOLIDEZ DE LOS AGREGADOS FRENTE A LA ACCIÓN DE SOLUCIONES DE SULFATO DE SODIO O DE MAGNESIO 
-ABS:2,070.00-2,070.00";2
49642;71;268;14.ENSAYOS DE LABORATORIO;IDU;2070;2070;1000259;7485;"RESISTENCIA A LA DEGRADACIÓN DE LOS AGREGADOS GRUESOS DE TAMAÑOS MAYORES DE 19 mm (¾"") POR ABRASIÓN E IMPACTO EN LA MÁQUINA DE LOS ÁNGELES (CON TRITURACIÓN DE AGREGADOS)";UN;1;0;0;1;120434;120434;ORIENTAL;CAMPAMENTO;CAMPAMENTO;525254;TRAMO 2;"item 7485_RESISTENCIA A LA DEGRADACIÓN DE LOS AGREGADOS GRUESOS DE TAMAÑOS MAYORES DE 19 mm (¾"") POR ABRASIÓN E IMPACTO EN LA MÁQUINA DE LOS ÁNGELES (CON TRITURACIÓN DE AGREGADOS) 
-ABS:2,070.00-2,070.00";2
49641;71;268;14.ENSAYOS DE LABORATORIO;IDU;2070;2070;1000259;NP-214;"RESISTENCIA A LA DEGRADACIÓN DE LOS AGREGADOS DE TAMAÑOS MENORES DE
37.5 MM (1½"") POR MEDIO DE LA MÁQUINA DE LOS ÁNGELES (SIN TRITURACIÓN DE LOS AGREGADOS)";UN;8;0;0;8;99655;797240;ORIENTAL;CAMPAMENTO;CAMPAMENTO;525254;TRAMO 2;"item NP-214_RESISTENCIA A LA DEGRADACIÓN DE LOS AGREGADOS DE TAMAÑOS MENORES DE 37.5 MM (1½"") POR MEDIO DE LA MÁQUINA DE LOS ÁNGELES (SIN TRITURACIÓN DE LOS AGREGADOS) 
-ABS:2,070.00-2,070.00";2
49640;71;268;14.ENSAYOS DE LABORATORIO;IDU;2070;2070;1000259;7737;ANALISIS GRANULOMETRICO  DE LOS AGREGADOS GRUESO Y FINO;UN;18;0;0;18;59550;1071900;ORIENTAL;CAMPAMENTO;CAMPAMENTO;525254;TRAMO 2;"item 7737_ANALISIS GRANULOMETRICO  DE LOS AGREGADOS GRUESO Y FINO
-ABS:2,070.00-2,070.00";2
49639;71;268;14.ENSAYOS DE LABORATORIO;IDU;2070;2070;1000259;9342;DETERMINACIÓN DE TERRONES DE ARCILLA Y PARTÍCULAS DELEZNABLES EN LOS AGREGADOS;UN;11;0;0;11;72696;799656;ORIENTAL;CAMPAMENTO;CAMPAMENTO;525254;TRAMO 2;"item 9342_DETERMINACIÓN DE TERRONES DE ARCILLA Y PARTÍCULAS DELEZNABLES EN LOS AGREGADOS 
-ABS:2,070.00-2,070.00";2
49638;71;268;14.ENSAYOS DE LABORATORIO;IDU;2070;2070;1000259;9279;DENSIDAD Y PESO UNITARIO DEL SUELO EN EL TERRENO POR EL MÉTODO DEL CONO Y ARENA;UN;8;0;0;8;55533;444264;ORIENTAL;CAMPAMENTO;CAMPAMENTO;525254;TRAMO 2;"item 9279_DENSIDAD Y PESO UNITARIO DEL SUELO EN EL TERRENO POR EL MÉTODO DEL CONO Y ARENA 
-ABS:2,070.00-2,070.00";2
49637;71;268;14.ENSAYOS DE LABORATORIO;IDU;2070;2070;1000259;8017;CBR DE SUELOS COMPACTADOS EN EL LABORATORIO (SUELOS GRANULARES);UN;3;0;0;3;235532;706596;ORIENTAL;CAMPAMENTO;CAMPAMENTO;525254;TRAMO 2;"item 8017_CBR DE SUELOS COMPACTADOS EN EL LABORATORIO (SUELOS GRANULARES)
-ABS:2,070.00-2,070.00";2
49636;71;268;14.ENSAYOS DE LABORATORIO;IDU;2070;2070;1000259;8019;RELACIONES HUMEDAD - PESO UNITARIO SECO EN LOS SUELOS (ENSAYO MODIFICADO DE COMPACTACIÓN);UN;10;0;0;10;102188;1021880;ORIENTAL;CAMPAMENTO;CAMPAMENTO;525254;TRAMO 2;"item 8019_RELACIONES HUMEDAD - PESO UNITARIO SECO EN LOS SUELOS (ENSAYO MODIFICADO DE COMPACTACIÓN)
-ABS:2,070.00-2,070.00";2
49635;71;268;14.ENSAYOS DE LABORATORIO;IDU;2070;2070;1000259;7482;EQUIVALENTE DE ARENA DE SUELOS Y AGREGADOS FINOS;UN;11;0;0;11;72830;801130;ORIENTAL;CAMPAMENTO;CAMPAMENTO;525254;TRAMO 2;"item 7482_EQUIVALENTE DE ARENA DE SUELOS Y AGREGADOS FINOS 
-ABS:2,070.00-2,070.00";2
49634;71;268;14.ENSAYOS DE LABORATORIO;IDU;2070;2070;1000259;7495;DETERMINACIÓN LÍMITE LÍQUIDO, LÍMITE PLÁSTICO E ÍNDICE DE PLASTICIDAD DE SUELOS;UN;16;0;0;16;51363;821808;ORIENTAL;CAMPAMENTO;CAMPAMENTO;525254;TRAMO 2;"item 7495_DETERMINACIÓN LÍMITE LÍQUIDO, LÍMITE PLÁSTICO E ÍNDICE DE PLASTICIDAD DE SUELOS
-ABS:2,070.00-2,070.00";2
49633;71;268;14.ENSAYOS DE LABORATORIO;IDU;2070;2070;1000259;7497;"DETERMINACIÓN DEL CONTENIDO ORGÁNICO DE UN SUELO MEDIANTE EL ENSAYO DE
PÉRDIDA POR IGNICIÓN";UN;1;0;0;1;43186;43186;ORIENTAL;CAMPAMENTO;CAMPAMENTO;525254;TRAMO 2;"item 7497_DETERMINACIÓN DEL CONTENIDO ORGÁNICO DE UN SUELO MEDIANTE EL ENSAYO DE PÉRDIDA POR IGNICIÓN
-ABS:2,070.00-2,070.00";2
49621;71;268;4.ESPACIO PUBLICO;IDU;899;936;1001222;4.56.;SIEMBRA DE GRAMA (incluye Suministro e Instalación. Incluye 10cm de Tierra Negra);M2;5.4;0.82;0;4.43;13591;60208;OCCIDENTAL;KR 9 CL 180 A CL 181;KR 9 CL 180 A CL 181;92086832;TRAMO 1;Instalación de cesped para zona verde espacio público -ABS:899.00-936.00;2
49573;71;269;4.ESPACIO PUBLICO;IDU;1007;1010.5;1001082;1.03.;EXCAVACION MANUAL EN MATERIAL COMUN. Incluye cargue.;M3;19.5;0.3;0.25;1.46;23261;33961;OCCIDENTAL;KR 9 CL 181 A CL 181C;KR 9 CL 181 A CL 181C;92086808;TRAMO 1;Excavación manual para instalación de bordillo A80 rampa de acceso peatonal -ABS:1,007.00-1,010.50;2
49571;71;269;4.ESPACIO PUBLICO;IDU;1007;1010.5;1001082;4.04.;PISOS EN LOSETA PREFABRICADA A55 TÁCTIL ALERTA Y/O A56 GUIA 40x40x6 cm. SUMINISTRO E INSTALACIÓN. (INCLUYE 4cm DE MORTERO 1:5 HECHO EN OBRA PARA BASE Y ARENA DE PEÑA PARA SELLO).;M2;7.6;0.4;0;3.04;72505;220415;OCCIDENTAL;KR 9 CL 181 A CL 181C;KR 9 CL 181 A CL 181C;92086808;TRAMO 1;Instalación de tableta toperol para paño rampa de acceso peatonal polideportivo -ABS:1,007.00-1,010.50;2
49570;71;269;4.ESPACIO PUBLICO;IDU;1007;1010.5;1001082;NP-008;Subbase Granular Clase C.(SGBG-C) Con reciclado de concreto hidraulico. (suministro, Extendido Manual , Humedecimiento y Compacatacion con vibrocompactador);m3;3.2;5.84;0.35;6.54;121570;795068;OCCIDENTAL;KR 9 CL 181 A CL 181C;KR 9 CL 181 A CL 181C;92086808;TRAMO 1;Instalación de material granular sub base reciclada tipo C para lleno rampa de acceso peatonal polideportivo -ABS:1,007.00-1,010.50;2
49569;71;269;4.ESPACIO PUBLICO;IDU;1007;1010.5;1001082;1.02.;EXCAVACION MECANICA EN MATERIAL COMUN (Incluye Cargue);M3;3.2;5.84;0.5;9.34;4819;45009;OCCIDENTAL;KR 9 CL 181 A CL 181C;KR 9 CL 181 A CL 181C;92086808;TRAMO 1;Excavación mecánica para construcción de rampa de acceso peatonal polideportivo -ABS:1,007.00-1,010.50;2
49567;71;269;4.ESPACIO PUBLICO;IDU;1007;1010.5;1001082;4.08.;BORDILLO PREFABRICADO A80 (Suministro e Instalación. Incluye 3cm Mortero de Nivelación 1:5);ML;19.5;0;0;19.5;45803;893159;OCCIDENTAL;KR 9 CL 181 A CL 181C;KR 9 CL 181 A CL 181C;92086808;TRAMO 1;Instalación de bordillo A80 para confinamiento rampa peatonal -ABS:1,007.00-1,010.50;2
49560;71;268;4.ESPACIO PUBLICO;IDU;905;980;1001222;4.56.;SIEMBRA DE GRAMA (incluye Suministro e Instalación. Incluye 10cm de Tierra Negra);M2;75;6.22;0;466.5;13591;6340202;OCCIDENTAL;KR 9 CL 180 A CL 181;KR 9 CL 180 A CL 181;92086832;TRAMO 1;Instalación de cesped para pradizacion zona verde con descuento de cámaras -ABS:905.00-980.00;2
49516;71;267;3.PAVIMENTOS;IDU;905;928;1001222;NP-301;"GEODRÉN VIAL H= 0.5 m o, TUBERÍA DE 4"" (Incluye colocación mecanica y acomodacion manual de gravilla 3/4"",ANCHO 0.30M, suministro y colocación manual de geodren)";ML;30;0;0;30;78118;2343540;OCCIDENTAL;KR 9 CL 180 A CL 181;KR 9 CL 180 A CL 181;92086832;TRAMO 1;"Instalación de geodren de 0.50 Ø4"" -ABS:905.00-928.00";2
49514;71;267;7.PLUVIAL REDES DE ALCANTARILLADO;IDU;905;928;1001222;7.01.;EXCAVACION MANUAL PARA REDES PROFUNDIDAD 0m - 2m (Incluye Cargue);M3;28;0.35;1;9.8;23261;227958;OCCIDENTAL;KR 9 CL 180 A CL 181;KR 9 CL 180 A CL 181;92086832;TRAMO 1;"Excavación manual para instalación de filtro geodren de 0.50 Ø4""-ABS:905.00-928.00";2
49505;71;267;4.ESPACIO PUBLICO;IDU;960;1150;1001082;4.40.;BOLARDO EN HIERRO TIPO M63 (Suministro e Instalación. Incluye base en Concreto 3000 PSI premezclado);UN;24;0;0;24;145528;3492672;ORIENTAL;KR 9 CL 181 A CL 181C;KR 9 CL 181 A CL 181C;92086800;TRAMO 1;Instalación de bolardos sobre espacio público entre cll 181--182-ABS:960.00-1,150.00;2
49502;71;267;4.ESPACIO PUBLICO;IDU;670;676;1001300;4.39.;BANCA EN CONCRETO TIPO M40 (Suministro e Instalación);UN;4;0;0;4;154355;617420;ORIENTAL;KR 9 CL 173 A CL 180;KR 9 CL 173 A CL 180;92086799;TRAMO 1;Instalación de bolardos sobre espacio público entrada universidad cll 175-ABS:670.00-676.00;2
49501;71;267;4.ESPACIO PUBLICO;IDU;670;676;1001300;4.39.;BANCA EN CONCRETO TIPO M40 (Suministro e Instalación);UN;10;0;0;10;154355;1543550;ORIENTAL;KR 9 CL 173 A CL 180;KR 9 CL 173 A CL 180;92086799;TRAMO 1;Instalación de bancas en concreto entrada universidad cll 175-ABS:670.00-676.00;2
49495;71;267;4.ESPACIO PUBLICO;IDU;348;428;1001348;4.39.;BANCA EN CONCRETO TIPO M40 (Suministro e Instalación);UN;22;0;0;22;154355;3395810;OCCIDENTAL;KR 9 CL 172 A CL 173;KR 9 CL 172 A CL 173;92086810;TRAMO 1;Instalación de bancas en concreto espacio público plazoleta instaladas por MURCON para total de 79 bancasb-ABS:348.00-428.00;2
49494;71;267;4.ESPACIO PUBLICO;IDU;348;428;1001348;4.39.;BANCA EN CONCRETO TIPO M40 (Suministro e Instalación);UN;57;0;0;57;154355;8798235;OCCIDENTAL;KR 9 CL 172 A CL 173;KR 9 CL 172 A CL 173;92086810;TRAMO 1;Instalación de bancas en concreto plazoleta espacio público -ABS:348.00-428.00;2
49490;71;267;4.ESPACIO PUBLICO;IDU;425;464;1001348;4.39.;BANCA EN CONCRETO TIPO M40 (Suministro e Instalación);UN;28;0;0;28;154355;4321940;ORIENTAL;KR 9 CL 172 A CL 173;KR 9 CL 172 A CL 173;92086798;TRAMO 1;Instalación de bancas en concreto sobre espacio público plazoleta paradero y cll 173-ABS:425.00-464.00;2
49486;71;267;4.ESPACIO PUBLICO;IDU;905;950;1001222;4.39.;BANCA EN CONCRETO TIPO M40 (Suministro e Instalación);UN;34;0;0;34;154355;5248070;ORIENTAL;KR 9 CL 180 A CL 181;KR 9 CL 180 A CL 181;91042461;TRAMO 1;Instalación de bancas en concreto plazoleta entre cll 180 y 181-ABS:905.00-950.00;2
49483;71;267;4.ESPACIO PUBLICO;IDU;1730;1815;1000490;NP-484;ROCERÍA DE PASTO PERFILADO, REBORDEO. NO INCLUYE RETIRO Y DISPOSICIÓN FINAL;M2;51;0.82;0;41.82;1470;61475;OCCIDENTAL;Calle 187;Calle 188;525285;TRAMO 2;Poda de cesped calzada occidental zona verde -ABS:1,730.00-1,815.00;2
49482;71;268;4.ESPACIO PUBLICO;IDU;1825;1924;1000396;NP-484;ROCERÍA DE PASTO PERFILADO, REBORDEO. NO INCLUYE RETIRO Y DISPOSICIÓN FINAL;M2;54.2;0.82;0;44.44;1470;65327;OCCIDENTAL;Calle 188;Calle 189;92086818;TRAMO 2;Poda de cesped calzada occidental zona verde-ABS:1,825.00-1,924.00;2
49481;71;269;5.ESTRUCTURAS PARA REDES;IDU;1744.5;1750.5;1000489;5.09.;CONCRETO 4000 PSI (280 Kg/Cm2) PARA CÁMARAS ESPECIALES DE INTERCONEXIÓN DE ALCANTARILLADO (PREMEZCLADO, INCLUYE SUMINISTRO, FORMALETA Y COLOACIÓN. NO INCLUYE REFUERZO NI CURADO).;M3;5.44;0;0;5.44;622383;3385764;ORIENTAL;CRA 9 ;Calle 187A;4600012;TRAMO 2;Fundida en concreto de 4.000 PSI de sumidero calle 187A-ABS:1,744.50-1,750.50;2
49480;71;269;7.PLUVIAL REDES DE ALCANTARILLADO;IDU;1744.5;1750.5;1000489;7.49.;ACERO DE REFUERZO (Incluye Suministro, Figurado y Fijación);KG;659.18;0;0;659.18;2669;1759351;ORIENTAL;CRA 9 ;Calle 187A;4600012;TRAMO 2;Estructura en acero para sumidero de rejillas calle 187A sumideros 35A y 35B-ABS:1,744.50-1,750.50;2
49478;71;269;8.CODENSA REDES SECAS;IDU;-33;-33;1001385;8.08.;RELLENO EN MATERIAL SELECCIONADO PROVENIENTE DE LA EXCAVACIÓN (Extendido manual, Humedecimiento y Compactación);M3;1;0.4;0.2;0.08;20154;1612;ORIENTAL;CRA 9;Calle 170;507844;TRAMO 1;Relleno de excavación con sub base granular reciclada tipo C -ABS:-33.00--33.00;2
49477;71;269;9.SEÑALIZACION, DEMARCACION Y SEMAFORIZACIÓN;IDU;-33;-33;1001385;9.40.;RELLENO PARA REDES EN ARENA DE PEÑA (Suministro, Extendido, Humedecimiento y Compactación);M3;1;0.4;0.15;0.06;83639;5018;ORIENTAL;CRA 9;Calle 170;507844;TRAMO 1;Cama y recubrimiento con arena de peña de protección para tubería de semaforización -ABS:-33.00--33.00;2
49476;71;269;9.SEÑALIZACION, DEMARCACION Y SEMAFORIZACIÓN;IDU;-33;-33;1001385;9.46.;"1 DUCTO D=3"" PVC-TDP (Incluye Suministro e Instalación. No Incluye Rellenos) NORMA CS220.";ML;1.3;0;0;1.3;12675;16478;ORIENTAL;CRA 9;Calle 170;507844;TRAMO 1;"Instalación de tubería de PVC de 3"" un ducto -ABS:-33.00--33.00";2
49475;71;269;9.SEÑALIZACION, DEMARCACION Y SEMAFORIZACIÓN;IDU;-33;-33;1001385;9.38.;EXCAVACION MANUAL PARA REDES PROFUNDIDAD 0m - 2m (Incluye Cargue);M3;1;0.4;0.5;0.2;23261;4652;ORIENTAL;CRA 9;Calle 170;507844;TRAMO 1;Excavación manual para instalación de tubería de semaforización entre caja de codensa cs276 y caja de semaforización sencilla -ABS:-33.00--33.00;2
49473;71;269;4.ESPACIO PUBLICO;IDU;-34;-32;1001383;4.03.;PISO EN ADOQUIN DE CONCRETO A25 20x10x6cm (Suministro e Instalación. Incluye Base 3cm Arena Nivelación y Arena de Sello);M2;2.8;0.5;0;1.4;54194;75872;OCCIDENTAL;CRA 9 ;Calle 170;507837;TRAMO 1;Instalación de adoquín en concreto -ABS:-34.00--32.00;2
49472;71;269;8.CODENSA REDES SECAS;IDU;-34;-32;1001383;8.07.;RELLENO PARA REDES EN SUBBASE GRANULAR B-200 (Suministro, Extendido, Humedecimiento y Compactación);M3;2.8;0.5;0.2;0.28;59152;16563;OCCIDENTAL;CRA 9 ;Calle 170;507837;TRAMO 1;Relleno de excavación con material seleccionado B200-ABS:-34.00--32.00;2
49471;71;269;9.SEÑALIZACION, DEMARCACION Y SEMAFORIZACIÓN;IDU;-34;-32;1001383;9.40.;RELLENO PARA REDES EN ARENA DE PEÑA (Suministro, Extendido, Humedecimiento y Compactación);M3;2.8;0.8;0.15;0.34;83639;28437;OCCIDENTAL;CRA 9 ;Calle 170;507837;TRAMO 1;Cama y recubrimiento con arena de peña de protección para tubería de semaforización -ABS:-34.00--32.00;2
49470;71;269;9.SEÑALIZACION, DEMARCACION Y SEMAFORIZACIÓN;IDU;-34;-32;1001383;9.43.;"2 DUCTOS D=3"" PVC-TDP (Incluye Suministro e Instalación. No Incluye Rellenos)";ML;2.9;0;0;2.9;22911;66442;OCCIDENTAL;CRA 9 ;Calle 170;507837;TRAMO 1;"Instalación de tubería de PVC de 3"" dos ductos -ABS:-34.00--32.00";2
49469;71;269;9.SEÑALIZACION, DEMARCACION Y SEMAFORIZACIÓN;IDU;-34;-32;1001383;9.38.;EXCAVACION MANUAL PARA REDES PROFUNDIDAD 0m - 2m (Incluye Cargue);M3;2.8;0.5;0.5;0.7;23261;16283;OCCIDENTAL;CRA 9 ;Calle 170;507837;TRAMO 1;Excavación manual para instalación de tubería de semaforización -ABS:-34.00--32.00;2
49462;71;267;4.ESPACIO PUBLICO;IDU;-25;-5;1001385;NP-484;ROCERÍA DE PASTO PERFILADO, REBORDEO. NO INCLUYE RETIRO Y DISPOSICIÓN FINAL;M2;19.5;5.8;0;113.1;1470;166257;OCCIDENTAL;KR 9 CL 170;KR 9 CL 170;91062409;TRAMO 1;Roceria zona verde separado cll 170 -ABS:-25.00--5.00;2
49445;71;267;4.ESPACIO PUBLICO;IDU;440;446;1001348;NP-012;BANCA EN MADERA TIPO M50 (Suministro e Instalación);UN;2;0;0;2;469386;938772;ORIENTAL;KR 9 CL 172 A CL 173;KR 9 CL 172 A CL 173;92086798;TRAMO 1;Instalación de bancas en madera -ABS:440.00-446.00;2
49429;71;268;4.ESPACIO PUBLICO;IDU;902;905;1001222;NP-008;Subbase Granular Clase C.(SGBG-C) Con reciclado de concreto hidraulico. (suministro, Extendido Manual , Humedecimiento y Compacatacion con vibrocompactador);m3;3.5;8.8;0.35;10.78;121570;1310525;OCCIDENTAL;KR 9 CL 180 A CL 181;KR 9 CL 180 A CL 181;92086832;TRAMO 1;Instalación de material granular sub base reciclada tipo C -ABS:902.00-905.00;2
49423;71;268;4.ESPACIO PUBLICO;IDU;902;905;1001222;1.02.;EXCAVACION MECANICA EN MATERIAL COMUN (Incluye Cargue);M3;3.5;8.8;0.45;13.86;4819;66791;OCCIDENTAL;KR 9 CL 180 A CL 181;KR 9 CL 180 A CL 181;92086832;TRAMO 1;Excavación mecánica para estructura de espacio público -ABS:902.00-905.00;2
49422;71;266;4.ESPACIO PUBLICO;IDU;670;770;1001300;NP-012;BANCA EN MADERA TIPO M50 (Suministro e Instalación);UN;6;0;0;6;469386;2816316;ORIENTAL;KR 9 CL 173 A CL 180;KR 9 CL 173 A CL 180;92086799;TRAMO 1;Instalación de bancas de madera sobre espacio público y entrada universidad -ABS:670.00-770.00;2
49414;71;266;4.ESPACIO PUBLICO;IDU;852;855;1001300;4.60.;BORDE CONTENEDOR DE RAICES A 70 (INCLUYE SUMINISTRO E INSTALACIÓN, INCLUYE BASE DE 3cm EN MORTERO 1:3 HECHO EN OBRA);ML;7;0;0;7;24000;168000;OCCIDENTAL;Contenedor #273;Contenedor #273;92086809;TRAMO 1;Instalación de bordillo A70 para confinamiento de contenedor de raíz -ABS:852.00-855.00;2
49409;71;266;4.ESPACIO PUBLICO;IDU;852;855;1001300;NP-196;CONTENEDOR DE RAICES DE 2,80m x 0.94m H=1,00 m. (Incluye construcción de muros en concreto, colocación de filtro en gravilla. Incluye tierra negra);UN;1;0;0;1;1232505;1232505;OCCIDENTAL;Contenedor #273;Contenedor #273;92086809;TRAMO 1;Construcción de contenedor de raíz en mampostería (2.80*0.94*1.25-ABS:852.00-855.00;2
49408;71;266;4.ESPACIO PUBLICO;IDU;852;855;1001300;1.03.;EXCAVACION MANUAL EN MATERIAL COMUN. Incluye cargue.;M3;3;1;1.25;3.75;23261;87229;OCCIDENTAL;Contenedor #273;Contenedor #273;92086809;TRAMO 1;Excavación manual para construcción de contenedor de raíz -ABS:852.00-855.00;2
49393;71;267;4.ESPACIO PUBLICO;IDU;95;260;1001385;NP-484;ROCERÍA DE PASTO PERFILADO, REBORDEO. NO INCLUYE RETIRO Y DISPOSICIÓN FINAL;M2;165;2;0;330;1470;485100;CENTRAL;KR 9 CL 170 A CL 172;KR 9 CL 170 A CL 172;503550;TRAMO 1;Roceria zona verde entre sardinel y vía férrea -ABS:95.00-260.00;2
49386;71;267;8.CODENSA REDES SECAS;IDU;1350;1354;1007124;NP-126;"SEÑALIZACIÓN PREVENTIVA PARA REDES DE SERVICIOS PÚBLICOS CON CINTA DE 500 MT X 4"" PELIGRO CALIBRE 3.5  (INCLUYE SUMINISTRO Y COLOCACIÓN)";ML;3.9;0;0;3.9;245;956;ORIENTAL;VRP ;MACRO MEDIDOR ;92086837;TRAMO 2;Instalación de cinta de señalización sobre tubería de codensa -ABS:1,350.00-1,354.00;2
49385;71;267;8.CODENSA REDES SECAS;IDU;1350;1354;1007124;NP-008;Subbase Granular Clase C.(SGBG-C) Con reciclado de concreto hidraulico. (suministro, Extendido Manual , Humedecimiento y Compacatacion con vibrocompactador);M3;3.9;0.3;0.35;0.41;121570;49844;ORIENTAL;VRP ;MACRO MEDIDOR ;92086837;TRAMO 2;Relleno de excavación con sub base granular reciclada tipo C -ABS:1,350.00-1,354.00;2
49384;71;267;8.CODENSA REDES SECAS;IDU;1350;1354;1007124;8.05.;RELLENO PARA REDES EN ARENA DE PEÑA (Suministro, Extendido, Humedecimiento y Compactación);M3;3.7;0.3;0.15;0.17;83639;14219;ORIENTAL;VRP ;MACRO MEDIDOR ;92086837;TRAMO 2;Cama y recubrimiento con arena de peña de protección para tubería de codensa -ABS:1,350.00-1,354.00;2
49383;71;267;8.CODENSA REDES SECAS;IDU;1350;1354;1007124;8.10.;"1 DUCTO D=3"" PVC-TDP (Incluye Suministro e Instalación. No Incluye Rellenos) NORMA CS220.";ML;4.1;0;0;4.1;12675;51967;ORIENTAL;VRP ;MACRO MEDIDOR ;92086837;TRAMO 2;"Instalación de un tubo de PVC de 3"" -ABS:1,350.00-1,354.00";2
49382;71;267;8.CODENSA REDES SECAS;IDU;1350;1354;1007124;8.01.;EXCAVACION MANUAL PARA REDES PROFUNDIDAD 0m - 2m (Incluye Cargue);M3;3.7;0.3;0.5;0.56;23261;13026;ORIENTAL;VRP ;MACRO MEDIDOR ;92086837;TRAMO 2;Excavación manual para instalación de tubería de codensa entre VRP y MACRO MEDIDOR -ABS:1,350.00-1,354.00;2
49381;71;267;8.CODENSA REDES SECAS;IDU;1350;1354;1007124;NP-008;Subbase Granular Clase C.(SGBG-C) Con reciclado de concreto hidraulico. (suministro, Extendido Manual , Humedecimiento y Compacatacion con vibrocompactador);M3;3.9;0.4;0.25;0.39;121570;47412;ORIENTAL;Caja 109;Macro medidor ;92086837;TRAMO 2;Relleno de excavación con sub base granular reciclada tipo C -ABS:1,350.00-1,354.00;2
49380;71;267;8.CODENSA REDES SECAS;IDU;1350;1354;1007124;NP-126;"SEÑALIZACIÓN PREVENTIVA PARA REDES DE SERVICIOS PÚBLICOS CON CINTA DE 500 MT X 4"" PELIGRO CALIBRE 3.5  (INCLUYE SUMINISTRO Y COLOCACIÓN)";ML;3.9;0;0;3.9;245;956;ORIENTAL;Caja 109;Macro medidor ;92086837;TRAMO 2;Instalación de cinta de señalización sobre tubería de codensa -ABS:1,350.00-1,354.00;2
49379;71;267;8.CODENSA REDES SECAS;IDU;1350;1354;1007124;8.05.;RELLENO PARA REDES EN ARENA DE PEÑA (Suministro, Extendido, Humedecimiento y Compactación);M3;3.9;0.4;0.15;0.23;83639;19237;ORIENTAL;Caja 109;Macro medidor ;92086837;TRAMO 2;Cama y recubrimiento con arena de peña de protección para tubería de codensa -ABS:1,350.00-1,354.00;2
49378;71;267;8.CODENSA REDES SECAS;IDU;1350;1354;1007124;8.10.;"1 DUCTO D=3"" PVC-TDP (Incluye Suministro e Instalación. No Incluye Rellenos) NORMA CS220.";ML;4.3;0;0;4.3;12675;54503;ORIENTAL;Caja 109;Macro medidor ;92086837;TRAMO 2;"Instalación de un tubo de PVC de 3"" -ABS:1,350.00-1,354.00";2
49377;71;267;8.CODENSA REDES SECAS;IDU;1350;1354;1007124;8.01.;EXCAVACION MANUAL PARA REDES PROFUNDIDAD 0m - 2m (Incluye Cargue);M3;3.9;0.4;0.4;0.62;23261;14422;ORIENTAL;Caja 109;Macro medidor ;92086837;TRAMO 2;Excavación manual para instalación de tubería de codensa entre caja CS 276 número 109 y macro medidor -ABS:1,350.00-1,354.00;2
49359;71;269;4.ESPACIO PUBLICO;IDU;897.5;920;1001222;1.03.;EXCAVACION MANUAL EN MATERIAL COMUN. Incluye cargue.;M3;8.3;0.3;0.25;0.62;23261;14422;OCCIDENTAL;KR 9 CL 180 A CL 181;KR 9 CL 180 A CL 181;92086832;TRAMO 1;Excavación manual para instalación de bordillo A80 transversal confinamiento paños espacio público -ABS:897.50-920.00;2
49280;71;267;4.ESPACIO PUBLICO;IDU;1345;1392.3;1007124;4.01.;PISO EN ADOQUIN DE ARCILLA 20x10x6cm (Suministro e Instalación. Incluye Base 3cm Arena Nivelacion y Arena de Sello);M2;-1.69;2.02;0;-3.41;42399;-144581;ORIENTAL;Calle 183;Calle 185B;92086837;TRAMO 2;Descuento para instalación de adoquín en arcilla por caja CS 276 presente -ABS:1,345.00-1,392.30;2
49279;71;267;4.ESPACIO PUBLICO;IDU;1345;1392.3;1007124;4.01.;PISO EN ADOQUIN DE ARCILLA 20x10x6cm (Suministro e Instalación. Incluye Base 3cm Arena Nivelacion y Arena de Sello);M2;46.5;1.56;0;72.54;42399;3075623;ORIENTAL;Calle 183;Calle 185B;92086837;TRAMO 2;Instalación de adoquín en arcilla -ABS:1,345.00-1,392.30;2
49278;71;267;4.ESPACIO PUBLICO;IDU;1345;1392.3;1007124;4.04.;PISOS EN LOSETA PREFABRICADA A55 TÁCTIL ALERTA Y/O A56 GUIA 40x40x6 cm. SUMINISTRO E INSTALACIÓN. (INCLUYE 4cm DE MORTERO 1:5 HECHO EN OBRA PARA BASE Y ARENA DE PEÑA PARA SELLO).;M2;45.28;0.4;0;18.11;72505;1313066;ORIENTAL;Calle 183;Calle 185B;92086837;TRAMO 2;Instalación de loseta táctil guía A56 longitudinal -ABS:1,345.00-1,392.30;2
49277;71;267;4.ESPACIO PUBLICO;IDU;1345;1392.3;1007124;NP-200;SARDINEL PREFABRICADO A81 (Suministro e Instalación. Incluye 3cm Mortero de Nivelación 2000 PSI);m;36.1;0;0;36.1;45614;1646665;ORIENTAL;Calle 183;Calle 185B;92086837;TRAMO 2;Instalación de bordillo A81 longitudinal -ABS:1,345.00-1,392.30;2
49276;71;267;4.ESPACIO PUBLICO;IDU;1345;1392.3;1007124;1.03.;EXCAVACION MANUAL EN MATERIAL COMUN. Incluye cargue.;M3;36.1;0.3;0.28;3.03;23261;70481;ORIENTAL;Calle 183;Calle 185B;92086837;TRAMO 2;Excavación manual para instalación de bordillo A81 longitudinal -ABS:1,345.00-1,392.30;2
49275;71;267;4.ESPACIO PUBLICO;IDU;1345;1392.3;1007124;4.08.;BORDILLO PREFABRICADO A80 (Suministro e Instalación. Incluye 3cm Mortero de Nivelación 1:5);ML;98.82;0;0;98.82;45803;4526252;ORIENTAL;Calle 183;Calle 185B;92086837;TRAMO 2;Instalación de bordillos A80 longitudinales y transversales -ABS:1,345.00-1,392.30;2
49274;71;267;4.ESPACIO PUBLICO;IDU;1345;1392.3;1007124;1.03.;EXCAVACION MANUAL EN MATERIAL COMUN. Incluye cargue.;M3;98.82;0.3;0.28;8.3;23261;193066;ORIENTAL;Calle 183;Calle 185B;92086837;TRAMO 2;Excavación manual para instalación de bordillos A80 longitudinales y transversales espacio público costado oriental -ABS:1,345.00-1,392.30;2
49273;71;267;4.ESPACIO PUBLICO;IDU;1345;1350;1007125;NP-008;Subbase Granular Clase C.(SGBG-C) Con reciclado de concreto hidraulico. (suministro, Extendido Manual , Humedecimiento y Compacatacion con vibrocompactador);m3;5;3.5;0.35;6.13;121570;745224;ORIENTAL;Calle 183;Calle 185B;92086840;TRAMO 2;Instalación de sub base granular reciclada tipo C para estructura de espacio público -ABS:1,345.00-1,350.00;2
49272;71;267;4.ESPACIO PUBLICO;IDU;1345;1350;1007125;1.02.;EXCAVACION MECANICA EN MATERIAL COMUN (Incluye Cargue);M3;5;3.5;0.35;6.13;4819;29540;ORIENTAL;Calle 183;Calle 185B;92086840;TRAMO 2;Excavación mecánica para conformar sub rasante de espacio público calzada oriental margen derecho -ABS:1,345.00-1,350.00;2
49270;71;266;4.ESPACIO PUBLICO;IDU;930.5;933.5;1001222;NP-196;CONTENEDOR DE RAICES DE 2,80m x 0.94m H=1,00 m. (Incluye construcción de muros en concreto, colocación de filtro en gravilla. Incluye tierra negra);UN;1;0;0;1;1232505;1232505;OCCIDENTAL;Contenedor #260;Contenedor #260;92086832;TRAMO 1;Construcción de contenedor de raíz (2.56*0.94*1.35-ABS:930.50-933.50;2
49269;71;266;4.ESPACIO PUBLICO;IDU;930.5;933.5;1001222;1.03.;EXCAVACION MANUAL EN MATERIAL COMUN. Incluye cargue.;M3;3;1;1.35;4.05;23261;94207;OCCIDENTAL;Contenedor #260;Contenedor #260;92086832;TRAMO 1;Excavación manual para construcción de contenedor de raíz -ABS:930.50-933.50;2
49263;71;266;4.ESPACIO PUBLICO;IDU;907;909.8;1001222;NP-196;CONTENEDOR DE RAICES DE 2,80m x 0.94m H=1,00 m. (Incluye construcción de muros en concreto, colocación de filtro en gravilla. Incluye tierra negra);UN;1;0;0;1;1232505;1232505;OCCIDENTAL;Contenedor #266;Contenedor #266;35001057;TRAMO 1;Construcción en mampostería para contenedor de raíz (2.80*.94*1.35 con vigas-ABS:907.00-909.80;2
49262;71;266;4.ESPACIO PUBLICO;IDU;907;909.8;1001222;1.03.;EXCAVACION MANUAL EN MATERIAL COMUN. Incluye cargue.;M3;3;1;1.35;4.05;23261;94207;OCCIDENTAL;Contenedor #266;Contenedor #266;35001057;TRAMO 1;Excavación manual para construcción de contenedor de raíz -ABS:907.00-909.80;2
49259;71;266;4.ESPACIO PUBLICO;IDU;900.5;903.5;1001222;NP-196;CONTENEDOR DE RAICES DE 2,80m x 0.94m H=1,00 m. (Incluye construcción de muros en concreto, colocación de filtro en gravilla. Incluye tierra negra);UN;1;0;0;1;1232505;1232505;OCCIDENTAL;Contenedor #268;Contenedor #268;92086832;TRAMO 1;Construcción de contenedor de raíz con vigas (2.80*1*1.35-ABS:900.50-903.50;2
49258;71;266;4.ESPACIO PUBLICO;IDU;900.5;903.5;1001222;1.03.;EXCAVACION MANUAL EN MATERIAL COMUN. Incluye cargue.;M3;3;1;1.35;4.05;23261;94207;OCCIDENTAL;Contenedor #268;Contenedor #268;92086832;TRAMO 1;Excavación manual para construcción de contenedor de raíz -ABS:900.50-903.50;2
49238;71;267;4.ESPACIO PUBLICO;IDU;1127;1200;1001082;NP-484;ROCERÍA DE PASTO PERFILADO, REBORDEO. NO INCLUYE RETIRO Y DISPOSICIÓN FINAL;M2;73;3.5;0;255.5;1470;375585;OCCIDENTAL;KR 9 CL 181C A CL 182;KR 9 CL 181C A CL 182;92086831;TRAMO 1;Roceria zona verde -ABS:1,127.00-1,200.00;2
49230;71;267;4.ESPACIO PUBLICO;IDU;1387;1387;1007124;4.60.;BORDE CONTENEDOR DE RAICES A 70 (INCLUYE SUMINISTRO E INSTALACIÓN, INCLUYE BASE DE 3cm EN MORTERO 1:3 HECHO EN OBRA);ML;7;0;0;7;24000;168000;ORIENTAL;Contenedor 172;Contenedor 172;92086837;TRAMO 2;"Instalación de bordillo A70 Superior para contenedor de raíces número 172-ABS:1,387.00-1,387.00
-Movido desde Reporte 31017_28/01/26";2
49229;71;267;4.ESPACIO PUBLICO;IDU;1381;1381;1007124;4.60.;BORDE CONTENEDOR DE RAICES A 70 (INCLUYE SUMINISTRO E INSTALACIÓN, INCLUYE BASE DE 3cm EN MORTERO 1:3 HECHO EN OBRA);ML;7;0;0;7;24000;168000;ORIENTAL;Contenedor 174;Contenedor 174;92086837;TRAMO 2;"Instalación de bordillo A70 Superior para contenedor de raíces número 174-ABS:1,381.00-1,381.00
-Movido desde Reporte 31016_28/01/26";2
49227;71;267;4.ESPACIO PUBLICO;IDU;1368;1368;1007124;4.60.;BORDE CONTENEDOR DE RAICES A 70 (INCLUYE SUMINISTRO E INSTALACIÓN, INCLUYE BASE DE 3cm EN MORTERO 1:3 HECHO EN OBRA);ML;7;0;0;7;24000;168000;ORIENTAL;Contenedor 177;Contenedor 177;92086837;TRAMO 2;"Instalación de bordillo A70 Superior para contenedor de raíces número 177-ABS:1,368.00-1,368.00
-Movido desde Reporte 31015_28/01/26";2
49225;71;267;4.ESPACIO PUBLICO;IDU;1361;1361;1007124;4.60.;BORDE CONTENEDOR DE RAICES A 70 (INCLUYE SUMINISTRO E INSTALACIÓN, INCLUYE BASE DE 3cm EN MORTERO 1:3 HECHO EN OBRA);ML;7;0;0;7;24000;168000;ORIENTAL;Contenedor 179;Contenedor 179;92086837;TRAMO 2;"Instalación de bordillo A70 Superior para contenedor de raíces número 179-ABS:1,361.00-1,361.00
-Movido desde Reporte 31014_28/01/26";2
49223;71;267;4.ESPACIO PUBLICO;IDU;1345;1345;1007125;4.60.;BORDE CONTENEDOR DE RAICES A 70 (INCLUYE SUMINISTRO E INSTALACIÓN, INCLUYE BASE DE 3cm EN MORTERO 1:3 HECHO EN OBRA);ML;7;0;0;7;24000;168000;ORIENTAL;Contenedor 185;Contenedor 185;92086840;TRAMO 2;"Instalación de bordillo A70 Superior para contenedor de raíces número 185-ABS:1,345.00-1,345.00
-Movido desde Reporte 31013_28/01/26";2
49222;71;269;3.PAVIMENTOS;IDU;1968;2058;1000259;NP-127;FRESADO PAVIMENTO EXISTENTE, E= 5 CM, INCLUYE CARGUE Y TRANSPORTE A ESCOMBRERA DE MATERIAL SOBRANTE.;M2;1703.43;1.4;0;2384.8;4861;11592513;OCCIDENTAL;Calle 189;Calle 191;91062393;TRAMO 2;Fresado de carpeta asfáltica calzada occidental en zona de hundimiento para estabilización de vía -ABS:1,968.00-2,058.00;2
49213;71;268;6.REDES DE ACUEDUCTO;IDU;1386;1390;1007124;NP-126;"SEÑALIZACIÓN PREVENTIVA PARA REDES DE SERVICIOS PÚBLICOS CON CINTA DE 500 MT X 4"" PELIGRO CALIBRE 3.5  (INCLUYE SUMINISTRO Y COLOCACIÓN)";m;3.5;0;0;3.5;245;858;ORIENTAL;Calle 183;Calle 185B;92086837;TRAMO 2;Instalación de cinta de señalización sobre tubería de agua potable -ABS:1,386.00-1,390.00;2
49212;71;268;6.REDES DE ACUEDUCTO;IDU;1386;1390;1007124;NP-008;Subbase Granular Clase C.(SGBG-C) Con reciclado de concreto hidraulico. (suministro, Extendido Manual , Humedecimiento y Compacatacion con vibrocompactador);M3;3.5;0.8;0.96;2.69;121570;327023;ORIENTAL;Calle 183;Calle 185B;92086837;TRAMO 2;Relleno de excavación con sub base granular reciclada tipo C -ABS:1,386.00-1,390.00;2
49211;71;268;6.REDES DE ACUEDUCTO;IDU;1386;1390;1007124;6.04.;RELLENO PARA REDES EN ARENA DE PEÑA (Suministro, Extendido, Humedecimiento y Compactación);M3;3.5;0.8;0.24;0.67;83639;56038;ORIENTAL;Calle 183;Calle 185B;92086837;TRAMO 2;Cama y recubrimiento con arena de peña de protección para tubería de agua potable -ABS:1,386.00-1,390.00;2
49210;71;268;6.REDES DE ACUEDUCTO;IDU;1386;1390;1007124;6.48-A.;"CONSTRUCCIÓN DE CAJA PARA VALVULA D= 3"", D= 4"", D= 6"" Y D= 8"" (NORMA EAAB NS-027) DE 0.4m x0.5m H=2.0m (Incluye Marco y Tapa).";UN;1;0;0;1;531075;531075;ORIENTAL;Calle 183;Calle 185B;92086837;TRAMO 2;"Construcción en mampostería de caja para válvula HD de 8"".  Largo 0.4 mts, ancho 0.5 mts, altura 0.75 mts -ABS:1,386.00-1,390.00";2
49209;71;268;6.REDES DE ACUEDUCTO;IDU;1386;1390;1007124;6.47.;"VALVULA COMPUERTA ELASTICA VASTAGO NO ASCENDENTE EXTREMO LISO D=8"" (Suministro e Instalación)";UN;1;0;0;1;1614339;1614339;ORIENTAL;Calle 183;Calle 185B;92086837;TRAMO 2;"Instalación de válvula HD de 8"" -ABS:1,386.00-1,390.00";2
49208;71;268;6.REDES DE ACUEDUCTO;IDU;1386;1390;1007124;6.11.;"TUBERIA PVC D=8"" TIPO U.M. RDE 21 (Suministro e Instalación)";ML;1.45;0;0;1.45;145554;211053;ORIENTAL;Calle 183;Calle 185B;92086837;TRAMO 2;"Instalación de tubería de PVC de 8"" agua potable -ABS:1,386.00-1,390.00";2
49207;71;268;6.REDES DE ACUEDUCTO;IDU;1386;1390;1007124;NP-026;"UNION DE REPARACION PVC TIPO U.M. D=8"" (SUMINISTRO E INSTALACIÓN)";UN;2;0;0;2;257524;515048;ORIENTAL;Calle 183;Calle 185B;92086837;TRAMO 2;"Instalación de dos uniones rápidas de PVC de 8""-ABS:1,386.00-1,390.00";2
49206;71;268;6.REDES DE ACUEDUCTO;IDU;1386;1390;1007124;6.01.;EXCAVACION MANUAL PARA REDES PROFUNDIDAD 0m - 2m (Incluye Cargue);M3;4;0.8;1.2;3.84;23261;89322;ORIENTAL;Calle 183;Calle 185B;92086837;TRAMO 2;"Excavación manual para instalación de tubería de agua potable de 8""-ABS:1,386.00-1,390.00";2
49205;71;267;4.ESPACIO PUBLICO;IDU;730;1290;1001300;NP-484;ROCERÍA DE PASTO PERFILADO, REBORDEO. NO INCLUYE RETIRO Y DISPOSICIÓN FINAL;M2;560;2;0;1120;1470;1646400;CENTRAL;KR 9 CL 173 A CL 180;KR 9 CL 173 A CL 180;91042457;TRAMO 1;Roceria zona verde entre sardinel hombro derecho y vía férrea -ABS:730.00-1,290.00;2
49198;71;267;4.ESPACIO PUBLICO;IDU;659;840;1001300;NP-484;ROCERÍA DE PASTO PERFILADO, REBORDEO. NO INCLUYE RETIRO Y DISPOSICIÓN FINAL;M2;181;0.82;0;148.42;1470;218177;OCCIDENTAL;KR 9 CL 173 A CL 180;KR 9 CL 173 A CL 180;92086809;TRAMO 1;Roceria zona verde sobre espacio público -ABS:659.00-840.00;2
49191;71;267;4.ESPACIO PUBLICO;IDU;445;640;1001348;NP-484;ROCERÍA DE PASTO PERFILADO, REBORDEO. NO INCLUYE RETIRO Y DISPOSICIÓN FINAL;M2;182;0.82;0;149.24;1470;219383;OCCIDENTAL;KR 9 CL 172 A CL 173;KR 9 CL 172 A CL 173;92086810;TRAMO 1;Roceria zona verde sobre espacio público -ABS:445.00-640.00;2
49184;71;267;4.ESPACIO PUBLICO;IDU;255;431;1001348;NP-484;ROCERÍA DE PASTO PERFILADO, REBORDEO. NO INCLUYE RETIRO Y DISPOSICIÓN FINAL;M2;176;0.82;0;144.32;1470;212150;OCCIDENTAL;KR 9 CL 172 A CL 173;KR 9 CL 172 A CL 173;92086810;TRAMO 1;Roceria zona verde espacio público -ABS:255.00-431.00;2
49158;71;267;4.ESPACIO PUBLICO;IDU;1883.3;1886.5;1000396;4.04.;PISOS EN LOSETA PREFABRICADA A55 TÁCTIL ALERTA Y/O A56 GUIA 40x40x6 cm. SUMINISTRO E INSTALACIÓN. (INCLUYE 4cm DE MORTERO 1:5 HECHO EN OBRA PARA BASE Y ARENA DE PEÑA PARA SELLO).;M2;0.4;5.1;0;2.04;72505;147910;ORIENTAL;Calle 188 bis ;Calle 189;92086804;TRAMO 2;Instalación de loseta táctil guía A56 transversal -ABS:1,883.30-1,886.50;2
49157;71;267;4.ESPACIO PUBLICO;IDU;1883.3;1886.5;1000396;4.01.;PISO EN ADOQUIN DE ARCILLA 20x10x6cm (Suministro e Instalación. Incluye Base 3cm Arena Nivelacion y Arena de Sello);M2;2.3;5.1;0;11.73;42399;497340;ORIENTAL;Calle 188 bis ;Calle 189;92086804;TRAMO 2;Instalación de adoquín en arcilla -ABS:1,883.30-1,886.50;2
49156;71;267;4.ESPACIO PUBLICO;IDU;1883.3;1886.5;1000396;4.08.;BORDILLO PREFABRICADO A80 (Suministro e Instalación. Incluye 3cm Mortero de Nivelación 1:5);ML;12.8;0;0;12.8;45803;586278;ORIENTAL;Calle 188 bis ;Calle 189;92086804;TRAMO 2;Instalación de bordillos A80 transversales de confinamiento norte y sur-ABS:1,883.30-1,886.50;2
49155;71;267;4.ESPACIO PUBLICO;IDU;1883.3;1886.5;1000396;NP-008;Subbase Granular Clase C.(SGBG-C) Con reciclado de concreto hidraulico. (suministro, Extendido Manual , Humedecimiento y Compacatacion con vibrocompactador);m3;2.7;5.1;0.35;4.82;121570;585967;ORIENTAL;Calle 188 bis ;Calle 189;92086804;TRAMO 2;Instalación de sub base granular reciclada tipo C para estructura de espacio público -ABS:1,883.30-1,886.50;2
49154;71;267;4.ESPACIO PUBLICO;IDU;1883.3;1886.5;1000396;1.03.;EXCAVACION MANUAL EN MATERIAL COMUN. Incluye cargue.;M3;2.7;5.1;0.45;6.2;23261;144218;ORIENTAL;Calle 188 bis ;Calle 189;92086804;TRAMO 2;Excavación manual para conformar estructura de espacio público en rampa de conexión con parque-ABS:1,883.30-1,886.50;2
49153;71;267;4.ESPACIO PUBLICO;IDU;1856.9;1897.3;1000396;4.19.;FRANJA DE AJUSTE EN CONCRETO 3000 PSI e= 10 CM  ANCHO ENTRE 12-20CM;ML;12.1;0;0;12.1;10121;122464;ORIENTAL;Calle 188 bis;Calle 189;92086804;TRAMO 2;Fundida en concreto de cinta de ajuste a predios -ABS:1,856.90-1,897.30;2
49152;71;267;4.ESPACIO PUBLICO;IDU;1856.9;1897.3;1000396;4.04.;PISOS EN LOSETA PREFABRICADA A55 TÁCTIL ALERTA Y/O A56 GUIA 40x40x6 cm. SUMINISTRO E INSTALACIÓN. (INCLUYE 4cm DE MORTERO 1:5 HECHO EN OBRA PARA BASE Y ARENA DE PEÑA PARA SELLO).;M2;-0.704;0;0;-0.7;72505;-50753;ORIENTAL;Calle 188 bis;Calle 189;92086804;TRAMO 2;Descuento para instalación de adoquín en arcilla por caja presente -ABS:1,856.90-1,897.30;2
49151;71;267;4.ESPACIO PUBLICO;IDU;1856.9;1897.3;1000396;4.01.;PISO EN ADOQUIN DE ARCILLA 20x10x6cm (Suministro e Instalación. Incluye Base 3cm Arena Nivelacion y Arena de Sello);M2;4.16;1.62;0;6.74;42399;285769;ORIENTAL;Calle 188 bis;Calle 189;92086804;TRAMO 2;Instalación de adoquín en arcilla -ABS:1,856.90-1,897.30;2
49150;71;267;4.ESPACIO PUBLICO;IDU;1856.9;1897.3;1000396;4.01.;PISO EN ADOQUIN DE ARCILLA 20x10x6cm (Suministro e Instalación. Incluye Base 3cm Arena Nivelacion y Arena de Sello);M2;-6.712;0;0;-6.71;42399;-284497;ORIENTAL;Calle 188 bis;Calle 189;92086804;TRAMO 2;Descuento para instalación de adoquín en arcilla por elementos presentes -ABS:1,856.90-1,897.30;2
49149;71;267;4.ESPACIO PUBLICO;IDU;1856.9;1897.3;1000396;4.01.;PISO EN ADOQUIN DE ARCILLA 20x10x6cm (Suministro e Instalación. Incluye Base 3cm Arena Nivelacion y Arena de Sello);M2;30.7;1.54;0;47.28;42399;2004625;ORIENTAL;Calle 188 bis;Calle 189;92086804;TRAMO 2;Instalación de adoquín en arcilla -ABS:1,856.90-1,897.30;2
49148;71;267;4.ESPACIO PUBLICO;IDU;1856.9;1897.3;1000396;4.04.;PISOS EN LOSETA PREFABRICADA A55 TÁCTIL ALERTA Y/O A56 GUIA 40x40x6 cm. SUMINISTRO E INSTALACIÓN. (INCLUYE 4cm DE MORTERO 1:5 HECHO EN OBRA PARA BASE Y ARENA DE PEÑA PARA SELLO).;M2;32.69;0.4;0;13.08;72505;948365;ORIENTAL;Calle 188 bis;Calle 189;92086804;TRAMO 2;Instalación de loseta táctil guía A56 longitudinal -ABS:1,856.90-1,897.30;2
49147;71;267;4.ESPACIO PUBLICO;IDU;1856.9;1897.3;1000396;4.04.;PISOS EN LOSETA PREFABRICADA A55 TÁCTIL ALERTA Y/O A56 GUIA 40x40x6 cm. SUMINISTRO E INSTALACIÓN. (INCLUYE 4cm DE MORTERO 1:5 HECHO EN OBRA PARA BASE Y ARENA DE PEÑA PARA SELLO).;M2;8;0.4;0;3.2;72505;232016;ORIENTAL;Calle 188 bis;Calle 189;92086804;TRAMO 2;Instalación de loseta táctil de advertencia A55 -ABS:1,856.90-1,897.30;2
49146;71;267;4.ESPACIO PUBLICO;IDU;1856.9;1897.3;1000396;NP-200;SARDINEL PREFABRICADO A81 (Suministro e Instalación. Incluye 3cm Mortero de Nivelación 2000 PSI);m;25.63;0;0;25.63;45614;1169087;ORIENTAL;Calle 188 bis;Calle 189;92086804;TRAMO 2;Instalación de bordillo A81 longitudinal -ABS:1,856.90-1,897.30;2
49145;71;267;4.ESPACIO PUBLICO;IDU;1856.9;1897.3;1000396;1.03.;EXCAVACION MANUAL EN MATERIAL COMUN. Incluye cargue.;M3;25.63;0.3;0.28;2.15;23261;50011;ORIENTAL;Calle 188 bis;Calle 189;92086804;TRAMO 2;Excavación manual para instalación de bordillo A81 longitudinal -ABS:1,856.90-1,897.30;2
49144;71;267;4.ESPACIO PUBLICO;IDU;1856.9;1897.3;1000396;4.08.;BORDILLO PREFABRICADO A80 (Suministro e Instalación. Incluye 3cm Mortero de Nivelación 1:5);ML;75.1;0;0;75.1;45803;3439805;ORIENTAL;Calle 188 bis;Calle 189;92086804;TRAMO 2;Instalación de bordillos A80 longitudinales y transversales -ABS:1,856.90-1,897.30;2
49143;71;267;4.ESPACIO PUBLICO;IDU;1856.9;1897.3;1000396;1.03.;EXCAVACION MANUAL EN MATERIAL COMUN. Incluye cargue.;M3;75.1;0.3;0.28;6.31;23261;146777;ORIENTAL;Calle 188 bis;Calle 189;92086804;TRAMO 2;Excavación manual para instalación de bordillos A80 longitudinales y transversales -ABS:1,856.90-1,897.30;2
49142;71;267;4.ESPACIO PUBLICO;IDU;1812.45;1839.8;1008485;4.09.;SARDINEL TIPO A10 (Suministro e Instalación. Incluye 3cm Mortero 2000 PSI);ML;1.8;0;0;1.8;57235;103023;ORIENTAL;Calle 188;Calle 188 bis ;92086814;TRAMO 2;Instalación de sardinel A-10 en rotonda para pozo pluvial presente-ABS:1,812.45-1,839.80;2
49141;71;267;4.ESPACIO PUBLICO;IDU;1812.45;1839.8;1008485;4.01.;PISO EN ADOQUIN DE ARCILLA 20x10x6cm (Suministro e Instalación. Incluye Base 3cm Arena Nivelacion y Arena de Sello);M2;-5.4;0;0;-5.4;42399;-228955;ORIENTAL;Calle 188;Calle 188 bis ;92086814;TRAMO 2;Descuento para instalación de adoquín en arcilla por tres cajas existentes -ABS:1,812.45-1,839.80;2
49140;71;267;4.ESPACIO PUBLICO;IDU;1812.45;1839.8;1008485;4.01.;PISO EN ADOQUIN DE ARCILLA 20x10x6cm (Suministro e Instalación. Incluye Base 3cm Arena Nivelacion y Arena de Sello);M2;26.95;1.54;0;41.5;42399;1759559;ORIENTAL;Calle 188;Calle 188 bis ;92086814;TRAMO 2;Instalación de adoquín en arcilla -ABS:1,812.45-1,839.80;2
49139;71;267;4.ESPACIO PUBLICO;IDU;1812.45;1839.8;1008485;4.06.;ADOQUIN ECOLOGICO EN CONCRETO DE 40 X 40 X 8cm. SUMINISTRO E INSTALACION. (Incluye suministro, extendido, nivelación y compactación de recebo e=0,15m, 0,02m de tierra, grama y mano de obra);M2;25.34;0.4;0;10.14;56073;568580;ORIENTAL;Calle 188;Calle 188 bis ;92086814;TRAMO 2;Instalación de loseta táctil guía A56 longitudinal -ABS:1,812.45-1,839.80;2
49138;71;267;4.ESPACIO PUBLICO;IDU;1812.45;1839.8;1008485;NP-200;SARDINEL PREFABRICADO A81 (Suministro e Instalación. Incluye 3cm Mortero de Nivelación 2000 PSI);m;16.75;0;0;16.75;45614;764035;ORIENTAL;Calle 188;Calle 188 bis ;92086814;TRAMO 2;Instalación de bordillo A81 longitudinal -ABS:1,812.45-1,839.80;2
49137;71;267;4.ESPACIO PUBLICO;IDU;1812.45;1839.8;1008485;1.03.;EXCAVACION MANUAL EN MATERIAL COMUN. Incluye cargue.;M3;16.75;0.3;0.28;1.41;23261;32798;ORIENTAL;Calle 188;Calle 188 bis ;92086814;TRAMO 2;Excavación manual para instalación de bordillo A81 longitudinal -ABS:1,812.45-1,839.80;2
49136;71;267;4.ESPACIO PUBLICO;IDU;1812.45;1839.8;1008485;4.08.;BORDILLO PREFABRICADO A80 (Suministro e Instalación. Incluye 3cm Mortero de Nivelación 1:5);ML;28.25;0;0;28.25;45803;1293935;ORIENTAL;Calle 188;Calle 188 bis ;92086814;TRAMO 2;Instalación de bordillos A80 longitudinales y transversales -ABS:1,812.45-1,839.80;2
49135;71;267;4.ESPACIO PUBLICO;IDU;1812.45;1839.8;1008485;1.03.;EXCAVACION MANUAL EN MATERIAL COMUN. Incluye cargue.;M3;28.25;0.3;0.28;2.37;23261;55129;ORIENTAL;Calle 188;Calle 188 bis ;92086814;TRAMO 2;Excavación manual para instalación de bordillos A80 longitudinales y transversales -ABS:1,812.45-1,839.80;2
49133;71;267;3.PAVIMENTOS;IDU;1650.5;1721;1008278;NP-301;"GEODRÉN VIAL H= 0.5 m o, TUBERÍA DE 4"" (Incluye colocación mecanica y acomodacion manual de gravilla 3/4"",ANCHO 0.30M, suministro y colocación manual de geodren)";ML;71.8;0;0;71.8;78118;5608872;ORIENTAL;Calle 186;Calle 187;92086802;TRAMO 2;"Instalación de tubería de PVC de 4"" para filtro geodren recubierta con manto de geotextil de 0.5 mts de altura -ABS:1,650.50-1,721.00";2
49131;71;267;7.PLUVIAL REDES DE ALCANTARILLADO;IDU;1650.5;1721;1008278;7.01.;EXCAVACION MANUAL PARA REDES PROFUNDIDAD 0m - 2m (Incluye Cargue);M3;71.8;0.3;0.7;15.08;23261;350776;ORIENTAL;Calle 186;Calle 187;92086802;TRAMO 2;Excavación manual para instalación de filtro geodren paralelo a cerramiento de conjunto SantaFe Real -ABS:1,650.50-1,721.00;2
49130;71;266;4.ESPACIO PUBLICO;IDU;950;959;1001222;NP-010;BARANDA METÁLICA M81 (instalado y pintado);m;18;0;0;18;219074;3943332;ORIENTAL;KR 9 CL 180 A CL 181;KR 9 CL 180 A CL 181;91042461;TRAMO 1;Instalación de baranda de seguridad en metal para rampa peatonal cll 181 oriental -ABS:950.00-959.00;2
49041;71;267;4.ESPACIO PUBLICO;IDU;897.85;935.6;1001222;4.37.;IMPRIMACIÓN CON EMULSIÓN ASFÁLTICA CRR-1 (Suministro, Barrido Superficie y Riego);M2;37.76;2.2;0;83.07;1478;122777;OCCIDENTAL;KR 9 CL 180 A CL 181 MARGEN;KR 9 CL 180 A CL 181 MARGEN;35001057;TRAMO 1;Instalación de imprimante para mezcla asfáltica -ABS:897.85-935.60;2
49040;71;267;4.ESPACIO PUBLICO;IDU;897.85;935.6;1001222;4.35.;MEZCLA ASFALTICA EN CALIENTE TIPO DENSO MD12 ASF CONVENCIONAL (Suministro, Extendido y Nivelación Manual y Compactación);M3;37.76;2.2;0.05;4.15;632373;2624348;OCCIDENTAL;KR 9 CL 180 A CL 181 MARGEN;KR 9 CL 180 A CL 181 MARGEN;35001057;TRAMO 1;Instalación de mezcla asfáltica -ABS:897.85-935.60;2
49032;71;267;4.ESPACIO PUBLICO;IDU;836.75;875;1001300;4.37.;IMPRIMACIÓN CON EMULSIÓN ASFÁLTICA CRR-1 (Suministro, Barrido Superficie y Riego);M2;38.25;2.2;0;84.15;1478;124374;OCCIDENTAL;KR 9 CL 173 A CL 180;KR 9 CL 173 A CL 180;35001056;TRAMO 1;Instalación de imprimante para mezcla asfáltica -ABS:836.75-875.00;2
49031;71;267;4.ESPACIO PUBLICO;IDU;836.75;875;1001300;4.35.;MEZCLA ASFALTICA EN CALIENTE TIPO DENSO MD12 ASF CONVENCIONAL (Suministro, Extendido y Nivelación Manual y Compactación);M3;38.25;2.2;0.05;4.21;632373;2662290;OCCIDENTAL;KR 9 CL 173 A CL 180;KR 9 CL 173 A CL 180;35001056;TRAMO 1;Instalación de mezcla asfáltica -ABS:836.75-875.00;2
49013;71;266;4.ESPACIO PUBLICO;IDU;400;440;1001348;NP-012;BANCA EN MADERA TIPO M50 (Suministro e Instalación);UN;4;0;0;4;469386;1877544;ORIENTAL;KR 9 CL 172 A CL 173;KR 9 CL 172 A CL 173;92086798;TRAMO 1;Instalación de sillas en madera K0+400- K0+440=4-ABS:400.00-440.00;2
48989;71;268;4.ESPACIO PUBLICO;IDU;0;1300;1001082;NP-011;CANECA DE ACERO INOXIDABLE TIPO BARCELONA (SUMINISTRO E INSTALACIÓN. INCLUYE CONCRETO PARA ANCLAJE DE 3000 PSI PREMEZCLADO GRAVA COMÚN.;UN;22;0;0;22;444138;9771036;ORIENTAL;KR 9 CL 170 A CL 183;KR 9 CL 170 A CL 183;92086830;TRAMO 1;Instalación de canecas de basura -ABS:0.00-1,300.00;2
48972;71;269;4.ESPACIO PUBLICO;IDU;896;927;1001222;NP-008;Subbase Granular Clase C.(SGBG-C) Con reciclado de concreto hidraulico. (suministro, Extendido Manual , Humedecimiento y Compacatacion con vibrocompactador);m3;176.415;1;0.35;61.75;121570;7506948;OCCIDENTAL;KR 9 CL 180 A CL 181;KR 9 CL 180 A CL 181;92086832;TRAMO 1;Instalación de materia granular sub base reciclada tipo C para estructura espacio público,-ABS:896.00-927.00;2
48928;71;267;4.ESPACIO PUBLICO;IDU;1612;1626;1000629;4.08.;BORDILLO PREFABRICADO A80 (Suministro e Instalación. Incluye 3cm Mortero de Nivelación 1:5);ML;12.14;0;0;12.14;45803;556048;ORIENTAL;Calle 186;Cra 9;141258;TRAMO 2;Instalación de bordillos A80 de confinamiento longitudinal y transversal -ABS:1,612.00-1,626.00;2
48927;71;267;4.ESPACIO PUBLICO;IDU;1612;1626;1000629;4.04.;PISOS EN LOSETA PREFABRICADA A55 TÁCTIL ALERTA Y/O A56 GUIA 40x40x6 cm. SUMINISTRO E INSTALACIÓN. (INCLUYE 4cm DE MORTERO 1:5 HECHO EN OBRA PARA BASE Y ARENA DE PEÑA PARA SELLO).;M2;4.54;0.4;0;1.82;72505;131959;ORIENTAL;Calle 186;Cra 9;141258;TRAMO 2;Instalación de loseta táctil guía A56 transversal -ABS:1,612.00-1,626.00;2
48926;71;267;4.ESPACIO PUBLICO;IDU;1612;1626;1000629;4.04.;PISOS EN LOSETA PREFABRICADA A55 TÁCTIL ALERTA Y/O A56 GUIA 40x40x6 cm. SUMINISTRO E INSTALACIÓN. (INCLUYE 4cm DE MORTERO 1:5 HECHO EN OBRA PARA BASE Y ARENA DE PEÑA PARA SELLO).;M2;4.24;0.4;0;1.7;72505;123259;ORIENTAL;Calle 186;Cra 9;141258;TRAMO 2;Instalación de loseta táctil de advertencia A55 transversal -ABS:1,612.00-1,626.00;2
48925;71;267;4.ESPACIO PUBLICO;IDU;1612;1626;1000629;4.03.;PISO EN ADOQUIN DE CONCRETO A25 20x10x6cm (Suministro e Instalación. Incluye Base 3cm Arena Nivelación y Arena de Sello);M2;3.16;4.1;0;12.96;54194;702354;ORIENTAL;Calle 186;Cra 9;141258;TRAMO 2;Instalación de adoquín en concreto costado norte de calle 186-ABS:1,612.00-1,626.00;2
48924;71;267;4.ESPACIO PUBLICO;IDU;1612;1626;1000629;NP-006;ESTAMPADO PARA CONCRETO MR DE POMPEYANOS, ACCESOS VEHICULARES A PREDIOS Y VÍAS (ACABADO Y CURADO, SUMINISTRO Y MANO DE OBRA. INCLUYE JUEGO DE MOLDES, COLOR ENDURECEDOR DE CUARZO, DESMOLDANTE EN POLVO COLOR, SELLADOR ACRÍLICO TRANSPARENTE SEMILUSTRE).;M2;6;4.24;0;25.44;31865;810646;ORIENTAL;Calle 186;Cra 9;141258;TRAMO 2;Estampado de MR-45 -ABS:1,612.00-1,626.00;2
48923;71;267;4.ESPACIO PUBLICO;IDU;1612;1626;1000629;4.22.;LOSA DE CONCRETO MR45 (Suministro, Formaleteado, Colocación y Acabado. No Incluye Acero, Curado, Juntas);M3;6;4.24;0.24;6.11;597559;3651085;ORIENTAL;Calle 186;Cra 9;141258;TRAMO 2;Fundida en concreto MR-45 calle 186 costado oriental -ABS:1,612.00-1,626.00;2
48921;71;267;4.ESPACIO PUBLICO;IDU;1612;1626;1000629;4.09.;SARDINEL TIPO A10 (Suministro e Instalación. Incluye 3cm Mortero 2000 PSI);ML;11;0;0;11;57235;629585;ORIENTAL;Calle 186;Cra 9;141258;TRAMO 2;Instalación de sardinel A-10 de confinamiento contr predio-ABS:1,612.00-1,626.00;2
48920;71;267;4.ESPACIO PUBLICO;IDU;1612;1626;1000629;4.08.;BORDILLO PREFABRICADO A80 (Suministro e Instalación. Incluye 3cm Mortero de Nivelación 1:5);ML;10.6;0;0;10.6;45803;485512;ORIENTAL;Calle 186;Cra 9;141258;TRAMO 2;Instalación de bordillo A80 longitudinal y transversal -ABS:1,612.00-1,626.00;2
48918;71;267;4.ESPACIO PUBLICO;IDU;1612;1626;1000629;4.04.;PISOS EN LOSETA PREFABRICADA A55 TÁCTIL ALERTA Y/O A56 GUIA 40x40x6 cm. SUMINISTRO E INSTALACIÓN. (INCLUYE 4cm DE MORTERO 1:5 HECHO EN OBRA PARA BASE Y ARENA DE PEÑA PARA SELLO).;M2;4.04;0.4;0;1.62;72505;117458;ORIENTAL;Calle 186;Cra 9;141258;TRAMO 2;Instalación de loseta táctil guía A56 transversal -ABS:1,612.00-1,626.00;2
48917;71;267;4.ESPACIO PUBLICO;IDU;1612;1626;1000629;4.04.;PISOS EN LOSETA PREFABRICADA A55 TÁCTIL ALERTA Y/O A56 GUIA 40x40x6 cm. SUMINISTRO E INSTALACIÓN. (INCLUYE 4cm DE MORTERO 1:5 HECHO EN OBRA PARA BASE Y ARENA DE PEÑA PARA SELLO).;M2;4.04;0.4;0;1.62;72505;117458;ORIENTAL;Calle 186;Cra 9;141258;TRAMO 2;Instalación de tableta táctil de advertencia A55 transversal -ABS:1,612.00-1,626.00;2
48916;71;267;4.ESPACIO PUBLICO;IDU;1612;1626;1000629;4.03.;PISO EN ADOQUIN DE CONCRETO A25 20x10x6cm (Suministro e Instalación. Incluye Base 3cm Arena Nivelación y Arena de Sello);M2;1.43;4.04;0;5.78;54194;313241;ORIENTAL;Calle 186;Cra 9;141258;TRAMO 2;Instalación de adoquín en concreto costado sur de calle 186-ABS:1,612.00-1,626.00;2
48874;71;269;7.PLUVIAL REDES DE ALCANTARILLADO;IDU;885;887.5;1001300;7.01.;EXCAVACION MANUAL PARA REDES PROFUNDIDAD 0m - 2m (Incluye Cargue);M3;2.52;1.18;1.85;5.5;23261;127936;OCCIDENTAL;KR 9 CL 173 A CL 180;KR 9 CL 173 A CL 180;91062408;TRAMO 1;Excavación manual para construcción de sumidero -ABS:885.00-887.50;2
48856;71;269;7.PLUVIAL REDES DE ALCANTARILLADO;IDU;880;880;1001300;NP-354;"CÁMARA PREFABRICADA EN HDPEAD NO 45.  1200MM CON CHIMENEA DE DN 1200MM RECIBE TUBERÍAS DE DN 1100MM CONCRETO Y 6"" PVC, SALIDA DE DN 1100MM CONCRETO.INCLUYE:  1) SECCIÓN POZO EN HDPEAD Y ESCALERA. 2) INCLUYE SUMINISTRO E INSTALACIÓN). NO INCLUYE CARGUE Y TAPA.";UND;1;0;0;1;16591720;16591720;OCCIDENTAL;Cámara Pozo#12A;Cámara Pozo#12A;91062408;TRAMO 1;Instalación de cámara para pozo #12A-ABS:880.00-880.00;2
48838;71;266;4.ESPACIO PUBLICO;IDU;905;914;1001222;1.03.;EXCAVACION MANUAL EN MATERIAL COMUN. Incluye cargue.;M3;8.2;0.3;0.25;0.61;23261;14189;OCCIDENTAL;KR 9 CL 180 A CL 181;KR 9 CL 180 A CL 181;92086832;TRAMO 1;Excavación manual para instalación de bordillo A80 longitudinal confinamiento espacio público -ABS:905.00-914.00;2
48836;71;266;4.ESPACIO PUBLICO;IDU;905;914;1001222;4.08.;BORDILLO PREFABRICADO A80 (Suministro e Instalación. Incluye 3cm Mortero de Nivelación 1:5);ML;8.2;0;0;8.2;45803;375585;OCCIDENTAL;KR 9 CL 180 A CL 181;KR 9 CL 180 A CL 181;92086832;TRAMO 1;Instalación de bordillo A80 longitudinal confinamiento -ABS:905.00-914.00;2
48821;71;269;8.ETB REDES SECAS;IDU;1929;1934;1000396;8.07.;RELLENO PARA REDES EN SUBBASE GRANULAR B-200 (Suministro, Extendido, Humedecimiento y Compactación);M3;3;0.5;0.96;1.44;59152;85179;CENTRAL;Cj semaforizacion;Pedestal;91042452;TRAMO 2;Instalación y compactacion manual de material con red para recubrimiento de tubería 2∅3-ABS:1,929.00-1,934.00;2
48819;71;269;9.SEÑALIZACION, DEMARCACION Y SEMAFORIZACIÓN;IDU;1929;1934;1000396;9.40.;RELLENO PARA REDES EN ARENA DE PEÑA (Suministro, Extendido, Humedecimiento y Compactación);M3;3;0.5;0.24;0.36;83639;30110;CENTRAL;Cj semaforizacion;Pedestal;91042452;TRAMO 2;Instalación de arena de peña para cama y recubrimiento de tubería 2∅3-ABS:1,929.00-1,934.00;2
48817;71;269;8.ETB REDES SECAS;IDU;1929;1934;1000396;8.07.;RELLENO PARA REDES EN SUBBASE GRANULAR B-200 (Suministro, Extendido, Humedecimiento y Compactación);M3;5.25;0.5;0.57;1.5;59152;88728;CENTRAL;Cj semaforizacion;Pedestal;91042452;TRAMO 2;Instalación y compactación manual de material reciclado sobre tubería -ABS:1,929.00-1,934.00;2
48815;71;269;9.SEÑALIZACION, DEMARCACION Y SEMAFORIZACIÓN;IDU;1929;1934;1000396;9.40.;RELLENO PARA REDES EN ARENA DE PEÑA (Suministro, Extendido, Humedecimiento y Compactación);M3;5.25;0.5;0.24;0.63;83639;52693;CENTRAL;Cj semaforizacion;Pedestal;91042452;TRAMO 2;Instalación de arena de peña para cama y recubrimiento de tubería 1∅3 entre caja y pedestal cruce 189-ABS:1,929.00-1,934.00;2
48769;71;266;4.ESPACIO PUBLICO;IDU;897;935;1001222;NP-200;SARDINEL PREFABRICADO A81 (Suministro e Instalación. Incluye 3cm Mortero de Nivelación 2000 PSI);m;35.07;0;0;35.07;45614;1599683;OCCIDENTAL;KR 9 CL 180 A CL 181;KR 9 CL 180 A CL 181;35001057;TRAMO 1;Instalación de bordillo A81 para confinamiento ciclo ruta hombro izquierdo -ABS:897.13-932.20;2
48768;71;266;4.ESPACIO PUBLICO;IDU;897;935;1001222;NP-200;SARDINEL PREFABRICADO A81 (Suministro e Instalación. Incluye 3cm Mortero de Nivelación 2000 PSI);m;35.07;0;0;35.07;45614;1599683;OCCIDENTAL;KR 9 CL 180 A CL 181;KR 9 CL 180 A CL 181;35001057;TRAMO 1;Instalación de bordillo A81 para confinamiento ciclo ruta hombro derecho -ABS:897.13-932.20;2
48767;71;266;4.ESPACIO PUBLICO;IDU;897;935;1001222;1.03.;EXCAVACION MANUAL EN MATERIAL COMUN. Incluye cargue.;M3;35.07;0.25;0.25;2.19;23261;50942;OCCIDENTAL;KR 9 CL 180 A CL 181;KR 9 CL 180 A CL 181;35001057;TRAMO 1;Excavación manual para instalación bordillo A81 para confinamiento ciclo ruta hombro derecho -ABS:897.13-932.20;2
48766;71;266;4.ESPACIO PUBLICO;IDU;897;935;1001222;1.03.;EXCAVACION MANUAL EN MATERIAL COMUN. Incluye cargue.;M3;35.07;0.25;0.25;2.19;23261;50942;OCCIDENTAL;KR 9 CL 180 A CL 181;KR 9 CL 180 A CL 181;35001057;TRAMO 1;Excavación manual para instalación de bordillo A81 para confinamiento ciclo ruta Hombro izquierdo-ABS:897.13-932.20;2
48758;71;269;7.PLUVIAL REDES DE ALCANTARILLADO;IDU;880;880;1001300;7.49.;ACERO DE REFUERZO (Incluye Suministro, Figurado y Fijación);KG;303;0;0;303;2669;808707;OCCIDENTAL;Cámara Pozo#12A;Cámara Pozo#12A;91062408;TRAMO 1;"Instalación de acero para estructura anillo de cierre cámara 12A-ABS:880.00-880.00
-Movido desde Reporte 30915_19/01/26";2
48757;71;269;5.ESTRUCTURAS PARA REDES;IDU;880;880;1001300;5.09.;CONCRETO 4000 PSI (280 Kg/Cm2) PARA CÁMARAS ESPECIALES DE INTERCONEXIÓN DE ALCANTARILLADO (PREMEZCLADO, INCLUYE SUMINISTRO, FORMALETA Y COLOACIÓN. NO INCLUYE REFUERZO NI CURADO).;M3;1.954;1;1;1.95;622383;1213647;OCCIDENTAL;Cámara Pozo#12A;Cámara Pozo#12A;91062408;TRAMO 1;"Instalación de concreto de 4000 PSI para fundida anillo de cierre -ABS:880.00-880.00
-Movido desde Reporte 30915_19/01/26";2
48750;71;269;7.PLUVIAL REDES DE ALCANTARILLADO;IDU;880;880;1001300;7.01.;EXCAVACION MANUAL PARA REDES PROFUNDIDAD 0m - 2m (Incluye Cargue);M3;4.694;1;0.46;2.16;23261;50244;OCCIDENTAL;Cámara Pozo#12A;Cámara Pozo#12A;91062408;TRAMO 1;"Excavación manual para instalación de concreto para anillo de cierre -ABS:880.00-880.00
-Movido desde Reporte 30915_19/01/26";2
48749;71;267;2.RELLENOS;IDU;875;885;1001300;2.10.;GEOTEXTIL NT 4000 PARA ESTABILIZACION SUBRASANTE/CAPAS GRANULARES (Inc. Suministro e Instalación);M2;229.46;1;0;229.46;11519;2643150;OCCIDENTAL;KR 9 CL 173 A CL 180;KR 9 CL 173 A CL 180;91062408;TRAMO 1;"Instalación de geotextil para sub rasante y cierra de tamal en estructura de vía

area de zona intervenida= 229.46 x 2 = 208.98m2
perímetro= 40.96 x 0.50 de altura paredes= 20.48m2 
area total=229.46m2 

 -ABS:875.00-885.00";2
48748;71;267;2.RELLENOS;IDU;875;885;1001300;NP-209;BASE GRANULAR CLASE A (BG_A) RECICLADA. (Suministro, Extendido, Nivelación, Humedecimiento y Compactación con vibrocompactador);m3;13;9.81;0.2;25.51;185278;4726442;OCCIDENTAL;KR 9 CL 173 A CL 180;KR 9 CL 173 A CL 180;91062408;TRAMO 1;Instalación de material granular base reciclada tipo A para estructura de via K875---888-ABS:875.00-885.00;2
48747;71;267;2.RELLENOS;IDU;875;885;1001300;NP-007;Subbase Granular Clase A.(SGBG-A) Con reciclado de concreto hidraulico. (suministro, Extendido Manual , Humedecimiento y Compacatacion con vibrocompactador);m3;104.49;1;0.2;20.9;122300;2556070;OCCIDENTAL;KR 9 CL 173 A CL 180;KR 9 CL 173 A CL 180;91062408;TRAMO 1;Instalación de material granular sub base reciclada tipo A para estructura de vía -ABS:875.00-885.00;2
48746;71;267;2.RELLENOS;IDU;875;885;1001300;NP-008;Subbase Granular Clase C.(SGBG-C) Con reciclado de concreto hidraulico. (suministro, Extendido Manual , Humedecimiento y Compacatacion con vibrocompactador);M3;104.49;1;0.15;15.67;121570;1905002;OCCIDENTAL;KR 9 CL 173 A CL 180;KR 9 CL 173 A CL 180;91062408;TRAMO 1;Instalación de material granular sub base reciclada tipo C para sello de Rajón estructura de via -ABS:875.00-885.00;2
48745;71;267;2.RELLENOS;IDU;875;885;1001300;NP-296;ESTABILIZACIÓN DE SUBRASANTE CON RAJÓN, INCLUYE EQUIPO DE COMPACTACIÓN (SUMINISTRO, EXTENDIDO A MANO, NIVELACIÓN Y COMPACTACIÓN CON RETROEXCAVADORA SOBRE ORUGA Y BENITÍN DE 1 TONELADA INCLUYEN OPERARIO Y COMBUSTIBLE.;M3;10;9.81;0.35;34.34;132363;4545345;OCCIDENTAL;KR 9 CL 173 A CL 180;KR 9 CL 173 A CL 180;91062408;TRAMO 1;Instalación de Rajón para estructura de via-ABS:875.00-885.00;2
48541;71;266;2.RELLENOS;IDU;853;875;1001300;2.10.;GEOTEXTIL NT 4000 PARA ESTABILIZACION SUBRASANTE/CAPAS GRANULARES (Inc. Suministro e Instalación);M2;171;1;0;171;11519;1969749;OCCIDENTAL;KR 9 CL 173 A CL 180;KR 9 CL 173 A CL 180;91062408;TRAMO 1;"Instalación de geotextil para estructura de vía y cierra de tamal en tramo faltante hombro izquierdo

area de base y tapa= 24*3=72m2 x 2 =144m2
perímetro= 54m
altura de mejoramiento=0.50m 
area de paredes=54x0.50=27m2

AREA TOTAL DE GEOTEXTIL= 144M2 + 27M2 = 171M2

 -ABS:851.00-875.00
-Movido desde Reporte 30883_03/02/26";2
48403;71;266;2.RELLENOS;IDU;853;875;1001300;NP-008;Subbase Granular Clase C.(SGBG-C) Con reciclado de concreto hidraulico. (suministro, Extendido Manual , Humedecimiento y Compacatacion con vibrocompactador);M3;24;3;0.15;10.8;121570;1312956;OCCIDENTAL;KR 9 CL 173 A CL 180;KR 9 CL 173 A CL 180;91062408;TRAMO 1;Instalación de material granular sub base reciclada tipo C para sello de Rajón estructura de vía -ABS:853.00-875.00;2
48197;71;263;7.PLUVIAL REDES DE ALCANTARILLADO;IDU;854;871;1001300;NP-043;"TUBERIA PVC U.M. EXT CORRUGADO/INT LISO U.M. NORMA NTC 3722-1 D=20"" (INCLUYE SUMINISTRO E INSTALACIÓN)";ML;16.95;0;0;16.95;255510;4330895;OCCIDENTAL;Pozo #12;Pozo #12A;91062408;TRAMO 1;"Instalación de tubería de 20"" novafort -ABS:854.00-871.00";2
47927;71;270;9.SEÑALIZACION, DEMARCACION Y SEMAFORIZACIÓN;IDU;0;1300;1001348;NP-139;SEÑAL DOBLE DE 60 CM, REFLECTIVO ALTA DENSIDAD TIPO IV EN LAMINA GALVANIZADA, PEDESTAL EN ANGULO SP/SR/SI. (INCLUYE SUMINISTRO E INSTALACIÓN);UN;2;0;0;2;242846;485692;ORIENTAL;Cll170;Cll183;91062402;TRAMO 1;Señal doble-ABS SP-47A7SR-30:0.00-1,300.00;2
47925;71;270;9.SEÑALIZACION, DEMARCACION Y SEMAFORIZACIÓN;IDU;0;1300;1001348;NP-420;SEÑAL VERTICAL GRUPO DE PREVENTIVAS TIPO ROMBO (60cm x 60cm). INCLUYE SUMINISTRO E INSTALACION;UND;3;0;0;3;348545;1045635;ORIENTAL;Cll170;Cll183;91062402;TRAMO 1;Señal SP-46A-ABS:0.00-1,300.00;2
47924;71;270;9.SEÑALIZACION, DEMARCACION Y SEMAFORIZACIÓN;IDU;0;1300;1001348;9.28.;SEÑAL VERTICAL GRUPO DE REGLAMENTARIAS TIPO CIRCULO D=75cm. INCLUYE SUMINISTRO E INSTALACION.;UN;10;0;0;10;451012;4510120;ORIENTAL;Cll170;Cll183;91062402;TRAMO 1;Señales de PARE-ABS:0.00-1,300.00;2
47923;71;270;9.SEÑALIZACION, DEMARCACION Y SEMAFORIZACIÓN;IDU;0;1300;1001348;NP-139;SEÑAL DOBLE DE 60 CM, REFLECTIVO ALTA DENSIDAD TIPO IV EN LAMINA GALVANIZADA, PEDESTAL EN ANGULO SP/SR/SI. (INCLUYE SUMINISTRO E INSTALACIÓN);UN;3;0;0;3;242846;728538;ORIENTAL;Cll170;Cll183;91062402;TRAMO 1;Señal preventiva doble SP-25B/SR-30 -ABS:0.00-1,300.00;2
47922;71;270;9.SEÑALIZACION, DEMARCACION Y SEMAFORIZACIÓN;IDU;0;1300;1001348;NP-140;SEÑAL VERTICAL GRUPO PREVENTIVA SR-38 Y SR-39 TIPO RECTÁNGULO (75x25cm) (Incluye Suministro e Instalación);UN;3;0;0;3;214014;642042;ORIENTAL;Cll170;Cll183;91062402;TRAMO 1;Señal SR-38-ABS:0.00-1,300.00;2
47920;71;270;9.SEÑALIZACION, DEMARCACION Y SEMAFORIZACIÓN;IDU;0;1300;1001348;NP-420;SEÑAL VERTICAL GRUPO DE PREVENTIVAS TIPO ROMBO (60cm x 60cm). INCLUYE SUMINISTRO E INSTALACION;UND;18;0;0;18;348545;6273810;ORIENTAL;Cll170;Cll183;91062402;TRAMO 1;Señal preventiva (rombo) SP-25A-ABS:0.00-1,300.00 (NP-420);2
47919;71;270;9.SEÑALIZACION, DEMARCACION Y SEMAFORIZACIÓN;IDU;0;1300;1001348;NP-139;SEÑAL DOBLE DE 60 CM, REFLECTIVO ALTA DENSIDAD TIPO IV EN LAMINA GALVANIZADA, PEDESTAL EN ANGULO SP/SR/SI. (INCLUYE SUMINISTRO E INSTALACIÓN);UN;10;0;0;10;242846;2428460;ORIENTAL;Cll170;Cll183;91062402;TRAMO 1;Señal reglamentaria doble SP-25 / SR-30-ABS:0.00-1,300.00;2
45883;71;269;2.RELLENOS;IDU;845;875;1001300;NP-209;BASE GRANULAR CLASE A (BG_A) RECICLADA. (Suministro, Extendido, Nivelación, Humedecimiento y Compactación con vibrocompactador);m3;30;7;0.2;42;185278;7781676;OCCIDENTAL;KR 9 CL 173 A CL 180;KR 9 CL 173 A CL 180;91062408;TRAMO 1;Instalación de material granular base reciclada tipo A para estructura de vía -ABS:845.00-875.00;2
